word,dog-cat,utilitarian-romantic,static-dynamic,concrete-intangible,satisfying-irritating,hard-soft
a certain,4.0,4.0,5.0,9.0,5.0,5.0
a certain type of,5.0,3.0,5.0,5.0,5.0,5.0
a few,7.0,6.0,5.0,7.0,5.0,7.0
abandoned,8.0,4.0,4.0,4.0,8.0,3.0
ability,4.0,4.0,8.0,3.0,3.0,5.0
abstract,8.0,7.0,10.0,10.0,2.0,5.0
acacia,10.0,10.0,10.0,3.0,1.0,7.0
accent,8.0,9.0,9.0,9.0,3.0,7.0
accents,8.0,8.0,8.0,9.0,4.0,8.0
accenttm,3.0,9.0,7.0,4.0,7.0,2.0
access,8.0,4.0,9.0,3.0,3.0,4.0
accident,3.0,8.0,9.0,9.0,4.0,7.0
accomplished,9.0,3.0,9.0,3.0,2.0,8.0
accumulation,9.0,3.0,8.0,8.0,3.0,7.0
accusatory,9.0,1.0,4.0,10.0,7.0,3.0
accustomed,6.0,3.0,2.0,6.0,3.0,8.0
acidic,7.0,1.0,8.0,1.0,5.0,1.0
act,4.0,4.0,9.0,3.0,4.0,7.0
activities,6.0,7.0,7.0,7.0,4.0,3.0
advisors,5.0,5.0,5.0,5.0,7.0,5.0
aero orbs,5.0,5.0,5.0,5.0,3.0,7.0
affection,5.0,8.0,8.0,3.0,3.0,7.0
agape,4.0,3.0,6.0,4.0,8.0,3.0
age,4.0,3.0,8.0,10.0,5.0,8.0
ages,4.0,8.0,8.0,9.0,6.0,7.0
agility,5.0,4.0,7.0,5.0,4.0,5.0
agua,5.0,2.0,9.0,4.0,3.0,9.0
agápē,2.0,6.0,7.0,7.0,3.0,8.0
ahh,6.0,6.0,6.0,6.0,6.0,7.0
air,9.0,9.0,9.0,9.0,3.0,10.0
airport security,2.0,2.0,7.0,3.0,9.0,5.0
airside,3.0,3.0,8.0,3.0,5.0,7.0
ais,5.0,3.0,5.0,4.0,5.0,5.0
aisles,5.0,4.0,5.0,4.0,5.0,5.0
albert hitchcock,8.0,8.0,3.0,3.0,4.0,4.0
alive,5.0,9.0,9.0,2.0,5.0,7.0
all,5.0,2.0,8.0,3.0,5.0,5.0
almost,9.0,3.0,3.0,9.0,8.0,8.0
alone,9.0,4.0,3.0,8.0,8.0,4.0
alright,5.0,9.0,4.0,8.0,6.0,6.0
amoebas,7.0,7.0,9.0,2.0,2.0,8.0
amount,6.0,2.0,3.0,1.0,6.0,7.0
amputate,9.0,2.0,2.0,2.0,10.0,1.0
amputation,5.0,3.0,7.0,3.0,9.0,2.0
anatomical,6.0,3.0,3.0,3.0,6.0,3.0
anatomy,9.0,2.0,8.0,3.0,4.0,5.0
ancestor,9.0,8.0,4.0,7.0,5.0,5.0
ancestral,9.0,8.0,8.0,8.0,3.0,4.0
ancestral wisdom robot maintenance,8.0,9.0,9.0,9.0,4.0,9.0
ancient,8.0,8.0,7.0,8.0,4.0,4.0
andhadhun,7.0,6.0,8.0,5.0,5.0,3.0
anemone’s,8.0,9.0,8.0,1.0,3.0,8.0
anger,9.0,9.0,4.0,8.0,7.0,5.0
animal,5.0,5.0,5.0,5.0,5.0,4.0
anoxic ciliate,7.0,4.0,7.0,2.0,7.0,6.0
answer,8.0,2.0,2.0,2.0,2.0,9.0
answers,3.0,3.0,2.0,3.0,5.0,5.0
antenna,7.0,4.0,7.0,3.0,7.0,6.0
anthropocene,2.0,5.0,9.0,1.0,10.0,1.0
anticipation,8.0,8.0,8.0,8.0,5.0,7.0
antsy,8.0,6.0,8.0,8.0,8.0,6.0
anxieties,8.0,3.0,8.0,8.0,10.0,3.0
anxious,3.0,4.0,8.0,9.0,8.0,8.0
any,2.0,5.0,10.0,10.0,8.0,4.0
any other,9.0,10.0,8.0,9.0,4.0,7.0
anymore,5.0,9.0,9.0,10.0,5.0,9.0
anyone,1.0,7.0,8.0,10.0,5.0,2.0
aorta,5.0,6.0,7.0,2.0,3.0,6.0
apartment,5.0,4.0,5.0,4.0,6.0,5.0
appendages,8.0,2.0,9.0,2.0,9.0,7.0
apples,3.0,5.0,6.0,1.0,3.0,4.0
approaches,6.0,8.0,8.0,5.0,5.0,6.0
arcane,9.0,9.0,8.0,9.0,5.0,5.0
archangel,10.0,10.0,9.0,4.0,3.0,6.0
architecture,8.0,8.0,3.0,4.0,7.0,4.0
architecture biennal,6.0,8.0,7.0,6.0,3.0,5.0
archways,6.0,8.0,1.0,1.0,5.0,1.0
arctic,8.0,7.0,5.0,3.0,3.0,4.0
are also working,5.0,4.0,7.0,5.0,5.0,5.0
are making,5.0,4.0,7.0,5.0,5.0,5.0
area,8.0,1.0,1.0,1.0,9.0,3.0
arguably,8.0,4.0,8.0,7.0,7.0,4.0
arm bone,5.0,3.0,2.0,1.0,4.0,2.0
around,5.0,6.0,9.0,9.0,5.0,7.0
artifact,9.0,4.0,4.0,1.0,2.0,1.0
asian,8.0,7.0,4.0,4.0,4.0,10.0
asking,6.0,8.0,8.0,7.0,6.0,9.0
ass,9.0,3.0,8.0,2.0,5.0,6.0
assembly,2.0,5.0,9.0,2.0,7.0,10.0
assured,2.0,4.0,8.0,8.0,3.0,10.0
atmosphere,7.0,7.0,8.0,8.0,4.0,9.0
attachment,7.0,4.0,4.0,8.0,7.0,6.0
attack,3.0,2.0,6.0,6.0,8.0,3.0
attempting,2.0,2.0,8.0,2.0,2.0,2.0
attitude,8.0,3.0,8.0,3.0,2.0,5.0
author,8.0,8.0,3.0,4.0,5.0,7.0
autumn,2.0,10.0,8.0,3.0,4.0,9.0
available,1.0,4.0,2.0,8.0,9.0,5.0
awaited,3.0,7.0,4.0,5.0,7.0,7.0
awash,5.0,4.0,6.0,5.0,7.0,4.0
awkward,3.0,8.0,3.0,9.0,8.0,7.0
awning,9.0,2.0,1.0,1.0,7.0,3.0
azul,4.0,8.0,8.0,8.0,3.0,8.0
babka,5.0,6.0,3.0,3.0,3.0,2.0
back,3.0,8.0,8.0,3.0,3.0,3.0
backbone,6.0,7.0,4.0,3.0,5.0,1.0
backdrop,8.0,8.0,8.0,7.0,4.0,7.0
background,10.0,5.0,4.0,2.0,7.0,2.0
bad,10.0,1.0,1.0,1.0,10.0,1.0
ball,1.0,5.0,4.0,2.0,5.0,7.0
bank,8.0,3.0,3.0,3.0,3.0,3.0
banking,7.0,3.0,3.0,5.0,9.0,3.0
bar,2.0,3.0,7.0,3.0,5.0,5.0
barely,6.0,9.0,9.0,9.0,5.0,5.0
barrel,5.0,3.0,3.0,1.0,4.0,4.0
bars,5.0,6.0,6.0,5.0,6.0,5.0
bathroom,2.0,4.0,7.0,2.0,7.0,7.0
battlefield,4.0,7.0,7.0,4.0,5.0,4.0
bay,2.0,4.0,6.0,3.0,5.0,5.0
bean,3.0,6.0,6.0,3.0,3.0,8.0
beans,5.0,4.0,5.0,4.0,6.0,5.0
bearer,3.0,4.0,3.0,8.0,4.0,6.0
beast,9.0,9.0,2.0,2.0,2.0,4.0
beats,3.0,3.0,7.0,2.0,2.0,3.0
beautiful,9.0,9.0,8.0,8.0,4.0,7.0
beauty,5.0,10.0,8.0,7.0,7.0,7.0
bed,2.0,4.0,6.0,4.0,8.0,3.0
bedrooms,9.0,9.0,9.0,9.0,2.0,9.0
beer,1.0,7.0,3.0,3.0,5.0,1.0
before sunrise,1.0,9.0,8.0,7.0,3.0,8.0
beginnings,3.0,10.0,7.0,8.0,4.0,9.0
behavior,6.0,7.0,8.0,9.0,6.0,7.0
belief,8.0,4.0,4.0,8.0,7.0,8.0
believing,9.0,9.0,9.0,8.0,5.0,7.0
beloved,4.0,8.0,8.0,8.0,4.0,8.0
bert,5.0,2.0,7.0,6.0,3.0,5.0
best case,5.0,5.0,5.0,9.0,7.0,5.0
better,10.0,3.0,4.0,4.0,8.0,3.0
biases,9.0,2.0,5.0,2.0,9.0,2.0
biblical,6.0,4.0,4.0,6.0,8.0,6.0
bigfoot,2.0,7.0,8.0,2.0,7.0,4.0
bilabial,1.0,1.0,8.0,3.0,9.0,2.0
bill,2.0,2.0,2.0,1.0,5.0,4.0
binaural,6.0,3.0,6.0,6.0,7.0,8.0
biomes,9.0,2.0,10.0,4.0,2.0,8.0
birds,8.0,9.0,9.0,3.0,3.0,8.0
birth,9.0,7.0,7.0,8.0,4.0,8.0
birth),10.0,7.0,10.0,3.0,4.0,10.0
birthplace,6.0,8.0,2.0,4.0,2.0,10.0
bisected,9.0,2.0,7.0,4.0,3.0,4.0
bit,5.0,5.0,8.0,4.0,4.0,5.0
bite,4.0,8.0,9.0,1.0,3.0,2.0
biting,7.0,8.0,3.0,2.0,10.0,1.0
black,5.0,8.0,3.0,1.0,3.0,3.0
black-eyed,2.0,3.0,4.0,4.0,3.0,4.0
blackout,8.0,8.0,9.0,3.0,9.0,5.0
blanco,5.0,4.0,3.0,3.0,3.0,3.0
bleached,9.0,3.0,4.0,4.0,4.0,4.0
blind,4.0,8.0,7.0,7.0,7.0,7.0
block,3.0,5.0,1.0,3.0,4.0,1.0
blood,8.0,4.0,8.0,2.0,5.0,9.0
blue,6.0,8.0,1.0,10.0,3.0,8.0
blurry,5.0,3.0,4.0,6.0,6.0,7.0
bodegas,9.0,7.0,7.0,2.0,2.0,7.0
body builder,1.0,3.0,8.0,3.0,6.0,4.0
boiling,6.0,3.0,7.0,4.0,4.0,4.0
bomb,6.0,1.0,10.0,2.0,5.0,6.0
bomoh,7.0,6.0,5.0,7.0,5.0,6.0
bones,2.0,2.0,3.0,1.0,4.0,1.0
book,8.0,8.0,4.0,3.0,4.0,7.0
bootstrap,6.0,1.0,6.0,3.0,8.0,3.0
born,5.0,1.0,9.0,8.0,4.0,8.0
both,5.0,5.0,5.0,5.0,4.0,8.0
bottled,2.0,8.0,3.0,3.0,1.0,3.0
bottles,7.0,2.0,2.0,1.0,4.0,1.0
bottom,2.0,2.0,2.0,6.0,8.0,4.0
boulders,6.0,4.0,2.0,1.0,3.0,1.0
boundary,4.0,4.0,8.0,3.0,3.0,5.0
"boundary""",9.0,5.0,4.0,4.0,8.0,5.0
bowls,4.0,1.0,4.0,2.0,6.0,3.0
box,10.0,1.0,2.0,1.0,3.0,2.0
boy,4.0,5.0,5.0,4.0,10.0,8.0
branch,9.0,9.0,9.0,4.0,4.0,7.0
branches,9.0,9.0,10.0,3.0,1.0,7.0
brandon,8.0,10.0,1.0,1.0,8.0,2.0
bread,6.0,2.0,6.0,3.0,3.0,9.0
breadboard,6.0,2.0,2.0,3.0,6.0,2.0
breaking,9.0,8.0,10.0,4.0,5.0,2.0
breakup,3.0,9.0,9.0,9.0,9.0,9.0
breath,6.0,10.0,9.0,5.0,3.0,10.0
breathing,4.0,4.0,9.0,2.0,3.0,7.0
breathless,9.0,10.0,10.0,7.0,1.0,7.0
breezy,1.0,10.0,10.0,8.0,7.0,10.0
bridge,5.0,5.0,4.0,4.0,4.0,4.0
brief,1.0,4.0,3.0,4.0,8.0,8.0
bringing,4.0,3.0,8.0,4.0,5.0,5.0
brittle,9.0,3.0,9.0,4.0,3.0,2.0
bronze,2.0,9.0,2.0,2.0,3.0,5.0
brothers,4.0,4.0,7.0,4.0,5.0,5.0
brows,5.0,4.0,9.0,2.0,3.0,8.0
browser,8.0,4.0,8.0,2.0,4.0,5.0
bruising,4.0,7.0,7.0,3.0,5.0,5.0
brunch,4.0,6.0,8.0,3.0,4.0,8.0
budding,9.0,6.0,10.0,8.0,4.0,10.0
built,3.0,2.0,1.0,4.0,2.0,2.0
bullrider,3.0,3.0,9.0,2.0,10.0,2.0
bunnies,8.0,9.0,9.0,1.0,2.0,3.0
bunny,4.0,10.0,8.0,3.0,2.0,8.0
bureau,7.0,5.0,2.0,2.0,2.0,2.0
buzz,3.0,8.0,9.0,2.0,8.0,4.0
cadence,6.0,5.0,6.0,6.0,6.0,6.0
cage,6.0,3.0,2.0,1.0,9.0,2.0
cages,4.0,1.0,2.0,1.0,8.0,1.0
cake,4.0,4.0,9.0,4.0,6.0,9.0
called,3.0,3.0,5.0,5.0,8.0,4.0
canal,10.0,10.0,3.0,3.0,5.0,8.0
candles,4.0,7.0,7.0,4.0,4.0,7.0
cans,4.0,2.0,2.0,1.0,5.0,1.0
capsules,4.0,2.0,2.0,2.0,9.0,2.0
care,2.0,4.0,10.0,10.0,2.0,5.0
caroline,3.0,8.0,6.0,3.0,3.0,8.0
carrying,7.0,7.0,7.0,5.0,5.0,7.0
carson,8.0,3.0,3.0,3.0,8.0,4.0
cartilage,7.0,4.0,4.0,2.0,4.0,7.0
cast,7.0,8.0,8.0,8.0,5.0,5.0
casual,4.0,4.0,4.0,6.0,4.0,7.0
cat,10.0,6.0,6.0,1.0,7.0,2.0
cats,10.0,9.0,5.0,5.0,1.0,10.0
cauldron,9.0,9.0,9.0,3.0,3.0,5.0
cauldrons,8.0,10.0,7.0,3.0,2.0,7.0
causeway bay,2.0,9.0,8.0,2.0,8.0,2.0
celery stalks,9.0,10.0,2.0,1.0,3.0,3.0
cellular,8.0,3.0,3.0,3.0,3.0,9.0
central,5.0,2.0,4.0,5.0,2.0,6.0
ceramics,5.0,3.0,6.0,1.0,3.0,2.0
certain,8.0,3.0,2.0,5.0,8.0,8.0
chain,3.0,2.0,2.0,4.0,4.0,6.0
chain chomp,1.0,6.0,9.0,4.0,8.0,2.0
chair,2.0,1.0,2.0,2.0,1.0,2.0
challenge,9.0,3.0,4.0,1.0,8.0,1.0
chance,7.0,8.0,8.0,8.0,4.0,7.0
chances,5.0,7.0,8.0,10.0,6.0,9.0
changing,8.0,5.0,10.0,9.0,5.0,8.0
chantilly,9.0,10.0,3.0,8.0,2.0,10.0
chaotic,1.0,7.0,10.0,8.0,4.0,4.0
character,2.0,8.0,8.0,9.0,3.0,5.0
characters,8.0,6.0,8.0,4.0,5.0,5.0
charge,4.0,8.0,10.0,7.0,5.0,7.0
charm,6.0,8.0,7.0,9.0,3.0,7.0
char’s,8.0,5.0,3.0,9.0,3.0,8.0
chater garden,9.0,4.0,3.0,3.0,5.0,4.0
checks,9.0,2.0,1.0,1.0,9.0,4.0
cheers,4.0,7.0,6.0,6.0,3.0,3.0
cheese,9.0,2.0,3.0,2.0,8.0,8.0
cheese platter,2.0,2.0,1.0,2.0,8.0,3.0
cheese slip,5.0,3.0,8.0,2.0,8.0,5.0
chest,3.0,4.0,7.0,3.0,2.0,7.0
chicken bones,3.0,3.0,4.0,2.0,8.0,5.0
chiffon,7.0,8.0,5.0,4.0,5.0,8.0
childhood,5.0,8.0,8.0,7.0,5.0,7.0
childish,7.0,8.0,8.0,4.0,9.0,7.0
children,2.0,4.0,8.0,3.0,4.0,7.0
chin,4.0,3.0,3.0,6.0,3.0,8.0
chinese,4.0,5.0,7.0,6.0,2.0,8.0
chirping,7.0,6.0,8.0,6.0,4.0,4.0
chlorine,2.0,2.0,5.0,2.0,9.0,1.0
christmas,2.0,9.0,4.0,9.0,2.0,9.0
christmas eve,5.0,8.0,3.0,4.0,5.0,6.0
chrysalis,7.0,8.0,5.0,3.0,4.0,7.0
cinema,6.0,8.0,7.0,6.0,6.0,10.0
cipher,8.0,7.0,7.0,4.0,3.0,10.0
circle,4.0,4.0,10.0,1.0,1.0,10.0
city,8.0,5.0,7.0,5.0,5.0,6.0
clandestine,2.0,3.0,7.0,8.0,4.0,4.0
classes,4.0,2.0,9.0,4.0,4.0,8.0
classic,5.0,8.0,3.0,8.0,2.0,5.0
classical,4.0,8.0,4.0,8.0,4.0,4.0
classmates,6.0,2.0,1.0,3.0,6.0,7.0
clay,6.0,3.0,3.0,3.0,5.0,3.0
clearer,9.0,4.0,4.0,7.0,7.0,7.0
clichéd,9.0,8.0,3.0,7.0,6.0,4.0
cliff,4.0,4.0,2.0,4.0,4.0,1.0
clinic,7.0,3.0,5.0,4.0,7.0,3.0
clocking,6.0,3.0,8.0,8.0,6.0,4.0
clocks,3.0,3.0,9.0,2.0,9.0,3.0
closed,6.0,3.0,2.0,6.0,6.0,5.0
clouds,8.0,8.0,10.0,4.0,4.0,10.0
clubs,3.0,7.0,7.0,4.0,8.0,5.0
cobble,4.0,10.0,8.0,4.0,3.0,6.0
code,9.0,3.0,9.0,9.0,1.0,3.0
coffee,3.0,3.0,5.0,1.0,4.0,4.0
coffee table book,9.0,8.0,2.0,2.0,2.0,3.0
cog,8.0,1.0,1.0,1.0,1.0,1.0
coke,2.0,2.0,3.0,1.0,2.0,10.0
cold,8.0,2.0,2.0,2.0,7.0,3.0
collectible,5.0,5.0,4.0,5.0,5.0,4.0
collection,6.0,3.0,6.0,5.0,5.0,6.0
collections,6.0,8.0,6.0,2.0,3.0,8.0
color,7.0,7.0,4.0,3.0,5.0,7.0
colors,6.0,3.0,4.0,4.0,3.0,8.0
colostrum,6.0,3.0,7.0,3.0,2.0,9.0
column,8.0,4.0,4.0,4.0,5.0,7.0
comfortable,2.0,3.0,6.0,4.0,3.0,2.0
coming,6.0,8.0,8.0,3.0,4.0,8.0
command,3.0,3.0,7.0,5.0,5.0,5.0
commons,6.0,8.0,9.0,9.0,2.0,4.0
communication,8.0,4.0,8.0,2.0,7.0,4.0
communicative,5.0,7.0,7.0,8.0,4.0,7.0
comparing,4.0,4.0,4.0,4.0,9.0,4.0
compelling,3.0,6.0,3.0,6.0,3.0,9.0
completion,9.0,1.0,1.0,5.0,7.0,7.0
complexity,7.0,4.0,7.0,7.0,1.0,1.0
complicated,10.0,8.0,10.0,6.0,10.0,2.0
complication,10.0,1.0,8.0,10.0,9.0,2.0
composite,8.0,8.0,8.0,4.0,1.0,2.0
computer,5.0,4.0,8.0,4.0,8.0,3.0
computer lab,5.0,5.0,3.0,2.0,3.0,5.0
concepts,9.0,3.0,10.0,7.0,4.0,7.0
concert,1.0,4.0,8.0,1.0,5.0,7.0
concerts,2.0,7.0,4.0,2.0,5.0,7.0
concise,6.0,4.0,3.0,4.0,5.0,3.0
concord grapes,8.0,9.0,8.0,2.0,1.0,10.0
concrete,4.0,4.0,4.0,1.0,5.0,4.0
concreteness,1.0,1.0,2.0,1.0,3.0,3.0
coney island,2.0,6.0,3.0,3.0,6.0,5.0
confidence,8.0,4.0,7.0,8.0,4.0,5.0
confident,1.0,8.0,8.0,8.0,9.0,3.0
conjunction,4.0,3.0,4.0,7.0,3.0,4.0
connection,3.0,10.0,8.0,9.0,2.0,8.0
connotation,9.0,3.0,7.0,9.0,3.0,4.0
conscious,9.0,7.0,6.0,9.0,3.0,5.0
consideration,6.0,3.0,4.0,8.0,4.0,9.0
consistent,1.0,10.0,1.0,1.0,1.0,1.0
constellation,8.0,10.0,9.0,4.0,3.0,7.0
contexts,7.0,2.0,9.0,9.0,6.0,4.0
continents,8.0,9.0,8.0,3.0,4.0,4.0
converging,8.0,9.0,8.0,9.0,3.0,6.0
conversation,5.0,6.0,7.0,7.0,7.0,5.0
conversations,9.0,8.0,8.0,8.0,3.0,7.0
convex lens,10.0,3.0,8.0,1.0,3.0,7.0
cooker,3.0,3.0,3.0,3.0,4.0,3.0
cooking,4.0,4.0,8.0,2.0,2.0,4.0
cooks,6.0,4.0,6.0,6.0,4.0,8.0
cops,3.0,1.0,4.0,4.0,9.0,1.0
core,9.0,9.0,9.0,8.0,5.0,5.0
corneas,3.0,1.0,1.0,3.0,9.0,3.0
corners,2.0,2.0,2.0,2.0,9.0,1.0
cornsilk,8.0,7.0,4.0,3.0,9.0,10.0
corpora,8.0,8.0,8.0,8.0,4.0,5.0
corpus,10.0,3.0,8.0,2.0,1.0,4.0
corpus's,6.5,5.0,5.5,5.0,5.5,5.5
correlation,6.0,3.0,7.0,3.0,4.0,6.0
correlations,9.0,4.0,7.0,4.0,3.0,8.0
correspondence,9.0,3.0,8.0,7.0,6.0,7.0
corroding,4.0,2.0,8.0,2.0,8.0,4.0
couch,2.0,2.0,3.0,2.0,5.0,5.0
counter,6.0,1.0,1.0,1.0,6.0,1.0
counterpart,4.0,5.0,4.0,3.0,5.0,4.0
courage,6.0,3.0,9.0,9.0,3.0,3.0
court of final appeal,10.0,1.0,1.0,1.0,7.0,1.0
cowboys,1.0,8.0,2.0,2.0,5.0,5.0
cradled,7.0,10.0,8.0,3.0,5.0,6.0
crayon,4.0,4.0,6.0,2.0,2.0,8.0
crayons,7.0,10.0,4.0,1.0,4.0,7.0
creates,7.0,10.0,10.0,4.0,3.0,3.0
creatures,9.0,2.0,8.0,3.0,4.0,4.0
crescent,9.0,9.0,7.0,4.0,1.0,7.0
crescent shaped,6.0,4.0,3.0,3.0,6.0,3.0
critical thinking,10.0,1.0,10.0,1.0,1.0,2.0
crook,9.0,9.0,3.0,3.0,4.0,3.0
cross-genre,8.0,8.0,8.0,9.0,5.0,5.0
crossing,6.0,3.0,9.0,6.0,6.0,9.0
crossroads,6.0,3.0,9.0,3.0,6.0,8.0
crowded,2.0,6.0,10.0,3.0,5.0,8.0
cruel,9.0,9.0,1.0,1.0,9.0,1.0
crystallized,9.0,8.0,3.0,2.0,8.0,2.0
cube,4.0,3.0,6.0,4.0,4.0,4.0
cultural,3.0,5.0,8.0,7.0,4.0,4.0
cultures,8.0,5.0,9.0,5.0,3.0,7.0
curb,3.0,2.0,1.0,1.0,5.0,1.0
current,8.0,2.0,8.0,8.0,8.0,7.0
curtain,9.0,8.0,6.0,3.0,4.0,5.0
curve,6.0,9.0,8.0,8.0,3.0,4.0
cutie,9.0,9.0,8.0,8.0,4.0,4.0
cyborgs,7.0,8.0,9.0,3.0,3.0,3.0
cycle,2.0,8.0,8.0,1.0,5.0,3.0
cyclical,5.0,3.0,3.0,2.0,8.0,2.0
dad,2.0,2.0,2.0,2.0,6.0,8.0
damnable,6.0,4.0,2.0,8.0,8.0,4.0
dark,3.0,7.0,9.0,3.0,2.0,5.0
darkest,9.0,9.0,8.0,9.0,2.0,9.0
darkness,4.0,9.0,9.0,2.0,3.0,5.0
date,9.0,10.0,1.0,4.0,8.0,2.0
dating,6.0,10.0,8.0,6.0,4.0,8.0
day,3.0,7.0,8.0,4.0,5.0,4.0
dazzling,5.0,8.0,8.0,9.0,5.0,4.0
deal,8.0,3.0,3.0,2.0,3.0,2.0
death,9.0,9.0,9.0,2.0,5.0,10.0
debut,9.0,9.0,2.0,7.0,4.0,4.0
decay,7.0,8.0,10.0,4.0,2.0,1.0
decoration,8.0,8.0,4.0,1.0,3.0,8.0
deep,9.0,9.0,9.0,9.0,2.0,9.0
deepening,3.0,10.0,10.0,9.0,2.0,4.0
deeply,2.0,10.0,8.0,8.0,1.0,4.0
degree,7.0,2.0,3.0,8.0,7.0,3.0
deities,9.0,5.0,7.0,5.0,3.0,4.0
delicious,4.0,8.0,8.0,3.0,3.0,8.0
delusion,6.0,9.0,9.0,8.0,5.0,7.0
demise,8.0,9.0,9.0,9.0,3.0,8.0
demon),9.0,7.0,8.0,9.0,10.0,2.0
denied,9.0,2.0,8.0,3.0,8.0,5.0
dental,6.0,3.0,4.0,3.0,5.0,4.0
describing,7.0,2.0,8.0,8.0,4.0,4.0
deserts,9.0,8.0,8.0,2.0,4.0,2.0
design,10.0,5.0,4.0,4.0,3.0,5.0
designer,7.0,4.0,7.0,7.0,8.0,8.0
designers,5.0,4.0,7.0,4.0,9.0,4.0
desires,9.0,9.0,9.0,9.0,4.0,7.0
desk,7.0,2.0,3.0,3.0,3.0,3.0
despair,9.0,9.0,8.0,9.0,8.0,8.0
desperate,6.0,5.0,7.0,8.0,7.0,5.0
detailed,9.0,4.0,7.0,4.0,1.0,4.0
development,4.0,3.0,7.0,7.0,8.0,3.0
devices,5.0,2.0,4.0,2.0,7.0,3.0
diagram,6.0,2.0,2.0,2.0,5.0,4.0
diagrams,6.0,1.0,3.0,3.0,3.0,4.0
dialogue,5.0,6.0,7.0,7.0,6.0,5.0
dialogues,8.0,7.0,8.0,5.0,4.0,7.0
diaphanous,6.0,8.0,7.0,8.0,3.0,7.0
did,5.0,3.0,7.0,3.0,3.0,4.0
differences,2.0,4.0,7.0,4.0,7.0,7.0
difficult,9.0,9.0,9.0,9.0,3.0,4.0
digesting,3.0,3.0,8.0,5.0,4.0,8.0
digit,9.0,2.0,2.0,2.0,5.0,2.0
digital,7.0,7.0,7.0,6.0,5.0,4.0
digital humanities,1.0,1.0,3.0,7.0,5.0,5.0
dimensions,9.0,9.0,9.0,7.0,2.0,2.0
dinner,4.0,8.0,8.0,3.0,1.0,7.0
dirty,5.0,9.0,9.0,4.0,7.0,5.0
discipline,4.0,4.0,3.0,7.0,7.0,3.0
discovery,5.0,3.0,7.0,8.0,7.0,5.0
dispersion,8.0,8.0,9.0,10.0,1.0,9.0
disproven,9.0,5.0,8.0,7.0,8.0,3.0
dissection,5.0,2.0,9.0,2.0,1.0,5.0
distortions,9.0,9.0,10.0,4.0,1.0,8.0
do,3.0,3.0,8.0,5.0,7.0,4.0
doctor,6.0,2.0,8.0,8.0,6.0,4.0
document,8.0,4.0,4.0,2.0,7.0,4.0
dog,1.0,5.0,7.0,2.0,3.0,8.0
dogs,2.0,1.0,4.0,1.0,4.0,3.0
dolphins and hawks,5.0,5.0,10.0,1.0,4.0,5.0
dominion,4.0,3.0,3.0,8.0,8.0,4.0
doner,4.0,5.0,4.0,6.0,4.0,8.0
donor,4.0,5.0,5.0,4.0,4.0,6.0
door,3.0,6.0,4.0,1.0,4.0,7.0
doorbell,1.0,4.0,4.0,2.0,4.0,7.0
doors,3.0,6.0,4.0,4.0,4.0,4.0
down,3.0,5.0,8.0,8.0,4.0,4.0
downstream,2.0,4.0,9.0,4.0,3.0,9.0
downtown,2.0,8.0,8.0,2.0,4.0,3.0
drafty,5.0,5.0,8.0,3.0,8.0,3.0
dragons,6.0,8.0,10.0,5.0,5.0,5.0
drinks,3.0,4.0,8.0,2.0,3.0,4.0
drive in,2.0,4.0,8.0,4.0,5.0,5.0
drop,4.0,6.0,7.0,4.0,4.0,7.0
dropped,7.0,5.0,8.0,4.0,9.0,6.0
drugs,7.0,8.0,9.0,2.0,9.0,8.0
drugstore,7.0,2.0,5.0,3.0,7.0,3.0
drunk,2.0,4.0,8.0,8.0,4.0,3.0
drunk call,1.0,7.0,4.0,8.0,9.0,7.0
dungeons,3.0,6.0,5.0,4.0,5.0,1.0
dust,8.0,4.0,3.0,3.0,9.0,9.0
duster,2.0,2.0,8.0,2.0,3.0,9.0
duty,2.0,2.0,8.0,6.0,3.0,2.0
dwelling,4.0,8.0,4.0,5.0,3.0,5.0
dynasty,7.0,8.0,4.0,8.0,7.0,5.0
each other,5.0,9.0,8.0,8.0,4.0,8.0
eager,6.0,8.0,7.0,10.0,3.0,8.0
early,6.0,3.0,6.0,6.0,8.0,6.0
earth,8.0,7.0,9.0,3.0,3.0,6.0
earthquake,2.0,4.0,8.0,1.0,10.0,1.0
earth’,6.0,9.0,6.0,2.0,3.0,5.0
earwax,3.0,3.0,3.0,4.0,1.0,9.0
ease,7.0,9.0,7.0,5.0,2.0,9.0
easy,9.0,8.0,8.0,7.0,3.0,10.0
easy—,1.0,8.0,7.0,8.0,4.0,10.0
ecologic,9.0,2.0,9.0,10.0,4.0,4.0
ecological,3.0,2.0,9.0,4.0,1.0,2.0
economies,9.0,2.0,8.0,3.0,5.0,7.0
ecosystem,5.0,3.0,8.0,8.0,6.0,5.0
edge,9.0,3.0,2.0,2.0,10.0,1.0
edge of extinction,8.0,9.0,8.0,9.0,3.0,4.0
edges,2.0,3.0,9.0,2.0,3.0,1.0
eels,8.0,7.0,10.0,1.0,2.0,10.0
ego,8.0,7.0,6.0,9.0,8.0,7.0
egoless,2.0,9.0,4.0,9.0,4.0,7.0
einspanner,2.0,9.0,3.0,2.0,3.0,5.0
elderly,8.0,7.0,4.0,8.0,5.0,7.0
elite,9.0,9.0,4.0,8.0,4.0,8.0
elven,9.0,8.0,7.0,8.0,8.0,8.0
embryonic,9.0,9.0,9.0,3.0,4.0,7.0
emitting,7.0,4.0,7.0,7.0,4.0,8.0
emotional,4.0,8.0,9.0,9.0,8.0,9.0
emphasis,3.0,5.0,7.0,5.0,6.0,4.0
enabling,9.0,9.0,5.0,8.0,4.0,5.0
enamel,8.0,4.0,4.0,1.0,7.0,3.0
enclosure,4.0,4.0,4.0,4.0,8.0,3.0
enemies,8.0,9.0,8.0,8.0,3.0,3.0
energy,3.0,5.0,9.0,8.0,7.0,7.0
engagement,7.0,5.0,3.0,9.0,9.0,4.0
engaging,2.0,9.0,9.0,10.0,3.0,8.0
english,6.0,4.0,8.0,3.0,4.0,8.0
enjoyable,6.0,9.0,10.0,5.0,4.0,9.0
enough,2.0,7.0,7.0,7.0,5.0,9.0
entangled,7.0,8.0,8.0,7.0,5.0,6.0
entire,6.0,7.0,8.0,7.0,6.0,3.0
entry,4.0,3.0,3.0,7.0,7.0,7.0
environment,9.0,1.0,10.0,5.0,2.0,7.0
environments,5.0,2.0,3.0,9.0,8.0,5.0
epoch,9.0,9.0,4.0,4.0,3.0,3.0
equal,2.0,1.0,4.0,9.0,4.0,7.0
era,2.0,8.0,4.0,6.0,3.0,1.0
erosion,8.0,3.0,8.0,3.0,9.0,2.0
error,7.0,1.0,1.0,1.0,10.0,10.0
escape,8.0,4.0,4.0,8.0,7.0,3.0
ethereal,10.0,9.0,10.0,8.0,2.0,10.0
eunuch,5.0,5.0,5.0,5.0,7.0,5.0
eve,6.0,9.0,6.0,3.0,4.0,9.0
evening,8.0,8.0,8.0,8.0,2.0,7.0
everyone,1.0,1.0,4.0,10.0,8.0,8.0
everyone’s,2.0,2.0,4.0,9.0,7.0,7.0
everything-,8.0,7.0,10.0,9.0,5.0,8.0
evolved,6.0,4.0,10.0,8.0,4.0,6.0
ex,2.0,2.0,2.0,2.0,8.0,1.0
exactly,6.0,1.0,3.0,6.0,1.0,2.0
exaggerated,3.0,5.0,9.0,6.0,8.0,5.0
excellent,3.0,3.0,2.0,3.0,4.0,3.0
excuse,8.0,4.0,3.0,8.0,8.0,5.0
execution,6.0,1.0,8.0,4.0,6.0,4.0
exhalation,4.0,5.0,8.0,3.0,3.0,7.0
exhale,3.0,9.0,9.0,8.0,3.0,8.0
existence,9.0,9.0,4.0,9.0,4.0,7.0
expanse,1.0,10.0,10.0,4.0,4.0,4.0
experience,2.0,7.0,7.0,7.0,8.0,7.0
experiments,9.0,3.0,9.0,9.0,3.0,8.0
explicit,7.0,2.0,1.0,8.0,9.0,3.0
exposure,6.0,8.0,7.0,6.0,7.0,8.0
expressions,3.0,8.0,9.0,4.0,3.0,7.0
extent,5.0,3.0,5.0,4.0,5.0,5.0
extracting,7.0,1.0,9.0,5.0,8.0,3.0
eye,3.0,4.0,4.0,3.0,8.0,7.0
eye contact,9.0,6.0,3.0,2.0,8.0,4.0
eyelash,10.0,10.0,9.0,2.0,3.0,10.0
facebook,3.0,3.0,3.0,3.0,10.0,3.0
faces,5.0,8.0,8.0,3.0,3.0,8.0
factory,2.0,2.0,7.0,3.0,5.0,7.0
fall,2.0,9.0,8.0,4.0,7.0,5.0
fall leaf,3.0,9.0,9.0,2.0,8.0,9.0
falls,9.0,8.0,10.0,4.0,3.0,8.0
false,5.0,2.0,1.0,8.0,8.0,6.0
family’s,2.0,4.0,4.0,4.0,8.0,7.0
fancy,10.0,7.0,3.0,8.0,4.0,10.0
fantastical,8.0,8.0,6.0,9.0,6.0,7.0
farms,8.0,2.0,2.0,1.0,2.0,1.0
fast,5.0,3.0,8.0,8.0,5.0,3.0
faster,2.0,2.0,10.0,2.0,3.0,4.0
faults,6.0,3.0,9.0,6.0,8.0,3.0
favorite,9.0,8.0,4.0,10.0,7.0,4.0
favorites,1.0,10.0,10.0,9.0,1.0,9.0
feathers,8.0,8.0,7.0,3.0,3.0,9.0
features,7.0,5.0,4.0,3.0,4.0,4.0
feed,3.0,4.0,8.0,7.0,4.0,5.0
feel,8.0,8.0,9.0,4.0,6.0,7.0
feel out,8.0,10.0,10.0,10.0,4.0,8.0
feelings,7.0,9.0,8.0,9.0,7.0,8.0
feet,1.0,9.0,2.0,2.0,9.0,10.0
female,8.0,8.0,3.0,7.0,4.0,6.0
femme,8.0,7.0,8.0,7.0,4.0,8.0
femme fetale,10.0,9.0,9.0,4.0,7.0,7.0
ferris wheel,4.0,7.0,7.0,2.0,4.0,3.0
fetus,8.0,4.0,8.0,3.0,4.0,8.0
fiber,6.0,3.0,5.0,2.0,8.0,7.0
fidelity,2.0,2.0,2.0,2.0,2.0,9.0
fields,6.0,8.0,3.0,3.0,6.0,8.0
fight,6.0,4.0,10.0,9.0,10.0,3.0
filay,5.0,3.0,5.0,3.0,6.0,7.0
file,9.0,2.0,3.0,2.0,6.0,6.0
film,5.0,8.0,8.0,3.0,3.0,4.0
finding,8.0,8.0,8.0,2.0,8.0,10.0
finger-to-cheese-grab-to-mouth-to-finger-covering-to-hard-swallowing,4.0,2.0,8.0,2.0,6.0,6.0
fingers,7.0,6.0,7.0,2.0,7.0,5.0
firefly,1.0,10.0,7.0,2.0,2.0,10.0
fireworks,8.0,7.0,9.0,7.0,2.0,3.0
first,3.0,3.0,3.0,3.0,9.0,7.0
fishery,5.0,4.0,5.0,4.0,5.0,5.0
fishing,6.0,2.0,9.0,3.0,6.0,8.0
fists,4.0,3.0,9.0,2.0,9.0,2.0
fit of laughter,1.0,7.0,7.0,8.0,3.0,7.0
five,1.0,1.0,1.0,1.0,8.0,8.0
fixate,7.0,6.0,4.0,5.0,7.0,5.0
fizzy,6.0,8.0,7.0,4.0,4.0,8.0
flagship,2.0,3.0,8.0,3.0,8.0,4.0
flawed,5.0,6.0,6.0,5.0,7.0,7.0
flecks,8.0,10.0,9.0,4.0,7.0,8.0
flight,4.0,5.0,10.0,2.0,3.0,8.0
flirty,9.0,7.0,4.0,10.0,4.0,4.0
floating,2.0,9.0,9.0,9.0,2.0,6.0
flowering,5.0,8.0,10.0,4.0,2.0,10.0
flowers,1.0,10.0,9.0,9.0,1.0,10.0
flowing,3.0,8.0,10.0,4.0,4.0,8.0
fluctuating,2.0,10.0,10.0,8.0,1.0,10.0
flush,6.0,3.0,9.0,6.0,6.0,8.0
fly,8.0,8.0,10.0,5.0,8.0,6.0
focused’,8.0,5.0,4.0,2.0,1.0,2.0
fog,9.0,9.0,3.0,6.0,4.0,8.0
following,4.0,5.0,7.0,6.0,5.0,4.0
foot,2.0,5.0,5.0,2.0,7.0,9.0
forest,3.0,2.0,2.0,1.0,4.0,8.0
formaldehyde,6.0,1.0,6.0,3.0,9.0,7.0
fossilized,2.0,7.0,1.0,1.0,5.0,1.0
four,5.0,2.0,4.0,3.0,4.0,4.0
fractal,9.0,1.0,10.0,4.0,1.0,3.0
fractious,6.0,3.0,3.0,6.0,6.0,4.0
fragrant,5.0,6.0,6.0,7.0,1.0,6.0
freely accessible,2.0,2.0,8.0,2.0,3.0,4.0
french,7.0,6.0,7.0,5.0,6.0,8.0
fresh,9.0,5.0,6.0,8.0,1.0,10.0
fresh cut,2.0,7.0,3.0,2.0,2.0,8.0
fricatives,9.0,2.0,2.0,2.0,7.0,2.0
friday,8.0,4.0,1.0,1.0,4.0,3.0
friend,3.0,10.0,8.0,3.0,2.0,9.0
friends,2.0,10.0,9.0,2.0,2.0,9.0
frogs,7.0,7.0,10.0,3.0,4.0,10.0
from,5.0,2.0,3.0,9.0,2.0,1.0
fruit,3.0,7.0,3.0,3.0,8.0,6.0
frustrated,4.0,3.0,3.0,3.0,9.0,3.0
frustration,8.0,3.0,3.0,5.0,9.0,4.0
full,4.0,7.0,7.0,5.0,4.0,8.0
fundamental,4.0,4.0,3.0,7.0,7.0,5.0
funeral,5.0,2.0,2.0,4.0,8.0,1.0
fungal,3.0,3.0,8.0,3.0,8.0,8.0
furnishings,7.0,2.0,3.0,2.0,5.0,2.0
furrowed,7.0,4.0,8.0,3.0,7.0,7.0
further,5.0,4.0,7.0,8.0,6.0,9.0
futile,5.0,5.0,5.0,9.0,8.0,6.0
future,5.0,7.0,7.0,8.0,5.0,8.0
galaxy,8.0,8.0,9.0,4.0,3.0,7.0
gamboge,5.0,6.0,5.0,4.0,6.0,5.0
game,2.0,9.0,7.0,6.0,4.0,7.0
games,1.0,7.0,10.0,4.0,8.0,7.0
garden,4.0,9.0,5.0,2.0,3.0,7.0
garlic,8.0,10.0,8.0,2.0,9.0,4.0
gasp,3.0,6.0,10.0,4.0,5.0,7.0
gato,10.0,6.0,2.0,1.0,4.0,3.0
gay,10.0,9.0,10.0,7.0,1.0,5.0
gaze,7.0,6.0,4.0,6.0,4.0,4.0
gender,7.0,8.0,9.0,5.0,7.0,7.0
general,6.0,3.0,7.0,10.0,5.0,8.0
genetics,9.0,2.0,9.0,3.0,7.0,4.0
genome,2.0,2.0,9.0,3.0,4.0,8.0
germinating,8.0,9.0,9.0,3.0,3.0,9.0
getting,6.0,2.0,6.0,6.0,6.0,6.0
ghost white,8.0,6.0,5.0,3.0,8.0,9.0
gibbous,6.0,8.0,7.0,3.0,3.0,7.0
gift,8.0,6.0,8.0,5.0,3.0,8.0
girl,8.0,8.0,9.0,9.0,2.0,9.0
glacial,8.0,8.0,10.0,3.0,2.0,8.0
glad,4.0,6.0,6.0,8.0,4.0,7.0
gland,2.0,3.0,4.0,3.0,7.0,4.0
glare,9.0,4.0,5.0,6.0,8.0,4.0
glass,9.0,7.0,5.0,3.0,5.0,10.0
glimmers,6.0,10.0,8.0,6.0,3.0,8.0
globos,4.0,8.0,10.0,3.0,3.0,10.0
glorious,4.0,10.0,9.0,4.0,5.0,6.0
gloves,8.0,2.0,4.0,2.0,3.0,10.0
glyphs,10.0,9.0,8.0,7.0,2.0,7.0
goal,1.0,2.0,9.0,6.0,6.0,6.0
goals,2.0,5.0,7.0,8.0,5.0,5.0
goblet,6.0,1.0,1.0,1.0,6.0,3.0
going,6.0,6.0,9.0,6.0,5.0,9.0
golden,2.0,8.0,3.0,7.0,4.0,4.0
good,1.0,1.0,1.0,10.0,9.0,3.0
gory,2.0,3.0,5.0,3.0,3.0,3.0
gothic,7.0,6.0,7.0,3.0,4.0,3.0
government official,2.0,1.0,1.0,5.0,10.0,2.0
grabbing,2.0,3.0,8.0,6.0,8.0,4.0
grace,6.0,8.0,7.0,8.0,3.0,8.0
gracious,4.0,4.0,8.0,3.0,3.0,7.0
grad school,7.0,3.0,4.0,5.0,6.0,4.0
grade,2.0,3.0,7.0,3.0,3.0,3.0
grampy,3.0,9.0,7.0,3.0,3.0,10.0
grand,4.0,8.0,7.0,4.0,4.0,4.0
granddaughter,5.0,7.0,6.0,3.0,5.0,7.0
grande,2.0,7.0,4.0,4.0,5.0,6.0
grandmother,8.0,9.0,8.0,3.0,2.0,9.0
grapes,6.0,8.0,7.0,4.0,3.0,9.0
grass,4.0,9.0,6.0,1.0,4.0,7.0
graveyard,8.0,6.0,3.0,3.0,5.0,3.0
graveyard of teeth,9.0,10.0,2.0,1.0,2.0,3.0
gravity,4.0,3.0,6.0,3.0,6.0,8.0
gray,9.0,9.0,9.0,9.0,2.0,10.0
grazing,8.0,9.0,4.0,6.0,3.0,9.0
great,2.0,2.0,2.0,2.0,3.0,3.0
greater,10.0,2.0,2.0,8.0,9.0,3.0
greatest,8.0,5.0,3.0,4.0,7.0,4.0
grinding,3.0,3.0,3.0,3.0,9.0,2.0
grocer,5.0,4.0,8.0,4.0,3.0,4.0
groceries,4.0,2.0,3.0,2.0,5.0,10.0
grocery,7.0,2.0,4.0,2.0,5.0,4.0
grocery stores,2.0,3.0,9.0,3.0,5.0,5.0
grooves,4.0,3.0,8.0,3.0,2.0,8.0
groundwater,10.0,1.0,8.0,1.0,4.0,10.0
growing,2.0,8.0,10.0,4.0,4.0,9.0
grub,2.0,2.0,7.0,2.0,3.0,3.0
guilt,2.0,9.0,6.0,5.0,7.0,4.0
gutted,3.0,10.0,2.0,3.0,7.0,2.0
haiku,2.0,5.0,6.0,4.0,3.0,3.0
hair,3.0,4.0,7.0,2.0,7.0,8.0
hairier,4.0,4.0,3.0,6.0,9.0,9.0
hand,1.0,4.0,4.0,3.0,7.0,7.0
hands,4.0,6.0,6.0,2.0,4.0,9.0
hanging,8.0,2.0,3.0,2.0,3.0,2.0
having,4.0,5.0,7.0,5.0,4.0,7.0
havoc,6.0,9.0,10.0,4.0,3.0,6.0
healthy,1.0,4.0,3.0,9.0,8.0,7.0
heart,4.0,10.0,7.0,7.0,4.0,4.0
heart-wrenching,9.0,9.0,7.0,4.0,8.0,5.0
heartbreaking,7.0,8.0,8.0,8.0,8.0,3.0
hearts,3.0,10.0,8.0,3.0,5.0,7.0
heat,6.0,6.0,2.0,8.0,9.0,7.0
heaven,4.0,8.0,9.0,10.0,5.0,8.0
heavy,4.0,4.0,4.0,3.0,4.0,3.0
helios,6.0,8.0,8.0,3.0,4.0,6.0
her,9.0,9.0,9.0,9.0,2.0,9.0
hetero,2.0,9.0,3.0,2.0,9.0,3.0
hi,3.0,8.0,9.0,9.0,3.0,10.0
hidden,8.0,8.0,3.0,8.0,8.0,8.0
hides,2.0,7.0,3.0,8.0,8.0,4.0
hiding,9.0,4.0,4.0,8.0,8.0,5.0
high,10.0,6.0,10.0,8.0,5.0,9.0
higher,8.0,4.0,7.0,5.0,8.0,2.0
highest,9.0,8.0,5.0,9.0,3.0,8.0
hiking,2.0,2.0,9.0,2.0,4.0,5.0
hill,6.0,8.0,1.0,1.0,7.0,3.0
hills,4.0,7.0,4.0,4.0,3.0,4.0
hips,6.0,3.0,8.0,3.0,3.0,4.0
historical,5.0,8.0,3.0,3.0,5.0,3.0
history of protest,7.0,3.0,7.0,4.0,5.0,1.0
hit,5.0,5.0,9.0,4.0,5.0,1.0
holding,5.0,4.0,5.0,4.0,5.0,5.0
hollow,6.0,4.0,6.0,3.0,7.0,10.0
home,6.0,10.0,4.0,4.0,1.0,10.0
homeland,3.0,9.0,9.0,4.0,3.0,8.0
homo,10.0,10.0,10.0,4.0,1.0,5.0
honest,2.0,5.0,3.0,3.0,4.0,8.0
hope,6.0,9.0,9.0,10.0,3.0,10.0
hopeful,4.0,10.0,9.0,10.0,5.0,9.0
horizon,3.0,5.0,2.0,4.0,5.0,2.0
hosting,2.0,9.0,9.0,2.0,1.0,2.0
houdini,9.0,8.0,9.0,5.0,3.0,4.0
hours,3.0,6.0,9.0,8.0,5.0,8.0
house,5.0,4.0,3.0,4.0,3.0,1.0
houseplants,8.0,3.0,3.0,2.0,6.0,8.0
huge,4.0,3.0,5.0,4.0,4.0,5.0
human,6.0,8.0,8.0,5.0,5.0,7.0
humanity,4.0,8.0,7.0,7.0,5.0,8.0
humans,3.0,3.0,6.0,3.0,5.0,8.0
humidity,6.0,8.0,7.0,4.0,10.0,8.0
hungry,2.0,4.0,7.0,8.0,5.0,4.0
hurt,4.0,7.0,8.0,8.0,5.0,4.0
husband,4.0,5.0,5.0,3.0,5.0,5.0
hutton,5.0,5.0,5.0,5.0,5.0,5.0
hydrated,4.0,4.0,8.0,2.0,1.0,5.0
hymns,4.0,7.0,6.0,3.0,4.0,9.0
i,10.0,4.0,10.0,6.0,6.0,6.0
ice,9.0,3.0,9.0,2.0,9.0,10.0
iceman,2.0,7.0,4.0,5.0,4.0,8.0
icon,9.0,8.0,8.0,9.0,8.0,3.0
identical,5.0,4.0,4.0,4.0,4.0,5.0
idling,9.0,9.0,3.0,8.0,3.0,7.0
idols,10.0,10.0,10.0,9.0,2.0,1.0
ill,2.0,9.0,3.0,3.0,8.0,7.0
image,4.0,5.0,7.0,2.0,3.0,4.0
immediate,4.0,4.0,4.0,8.0,4.0,4.0
impact,4.0,4.0,4.0,4.0,5.0,3.0
important,4.0,4.0,4.0,4.0,7.0,5.0
impossible,8.0,8.0,3.0,9.0,4.0,6.0
in-law,6.0,2.0,8.0,3.0,8.0,3.0
inches,7.0,5.0,7.0,4.0,5.0,7.0
inching,6.0,4.0,7.0,4.0,7.0,4.0
inconclusive,8.0,5.0,8.0,9.0,9.0,3.0
individuals,8.0,1.0,3.0,5.0,10.0,3.0
indonesia,6.0,6.0,6.0,4.0,4.0,7.0
infection,7.0,1.0,7.0,1.0,5.0,7.0
influencing,1.0,3.0,7.0,10.0,10.0,7.0
information,9.0,1.0,4.0,4.0,8.0,4.0
ingredient,8.0,2.0,4.0,8.0,7.0,5.0
inhalation,9.0,10.0,8.0,2.0,1.0,8.0
initiative,9.0,3.0,8.0,4.0,4.0,8.0
innumerable,8.0,8.0,7.0,8.0,4.0,8.0
insides,8.0,8.0,8.0,7.0,4.0,8.0
instagram post,2.0,5.0,3.0,2.0,9.0,4.0
instructions,4.0,3.0,3.0,5.0,4.0,2.0
intellectual,8.0,2.0,9.0,8.0,9.0,4.0
intelligence,3.0,2.0,3.0,8.0,9.0,3.0
intention,9.0,7.0,3.0,8.0,3.0,6.0
interested,3.0,6.0,7.0,4.0,4.0,4.0
interlocked,7.0,3.0,1.0,4.0,7.0,2.0
interludes,6.0,9.0,9.0,7.0,5.0,7.0
internal,7.0,1.0,3.0,7.0,8.0,5.0
internally,7.0,9.0,9.0,9.0,9.0,7.0
intimacy,7.0,8.0,9.0,9.0,7.0,7.0
intimate,9.0,9.0,9.0,9.0,7.0,10.0
intimidated,9.0,7.0,4.0,5.0,7.0,4.0
intro,2.0,1.0,4.0,4.0,9.0,3.0
inventing,5.0,6.0,8.0,5.0,6.0,5.0
invention,1.0,9.0,9.0,2.0,2.0,1.0
investigator,2.0,4.0,7.0,4.0,4.0,4.0
in·​ter·​ne·​cine,9.0,2.0,9.0,4.0,9.0,3.0
ironic,7.0,7.0,7.0,9.0,7.0,5.0
island,9.0,7.0,7.0,4.0,2.0,4.0
issues,6.0,7.0,8.0,10.0,8.0,8.0
it,6.0,3.0,3.0,6.0,8.0,5.0
item,4.0,4.0,3.0,4.0,4.0,4.0
itself,5.0,5.0,8.0,10.0,5.0,5.0
ivory,9.0,9.0,2.0,1.0,9.0,3.0
jam,3.0,8.0,4.0,1.0,5.0,10.0
japan,8.0,6.0,6.0,5.0,6.0,4.0
jaw,2.0,9.0,2.0,2.0,7.0,3.0
jaws,5.0,9.0,9.0,2.0,8.0,3.0
jealous,8.0,7.0,8.0,9.0,8.0,5.0
jesus,3.0,7.0,7.0,8.0,3.0,4.0
jewish,5.0,4.0,6.0,6.0,5.0,9.0
job,2.0,2.0,5.0,2.0,9.0,3.0
joint,5.0,2.0,8.0,3.0,5.0,5.0
jokes,2.0,10.0,10.0,8.0,4.0,6.0
joking,3.0,3.0,3.0,8.0,5.0,4.0
journalists,5.0,3.0,9.0,5.0,5.0,3.0
journeys,5.0,8.0,8.0,5.0,7.0,5.0
judge,5.0,4.0,5.0,3.0,5.0,5.0
julie delpy,7.0,7.0,7.0,8.0,3.0,7.0
jungle,10.0,7.0,10.0,4.0,4.0,10.0
jurassic,2.0,4.0,8.0,3.0,1.0,8.0
just,4.0,7.0,7.0,9.0,7.0,7.0
kaif,7.0,6.0,8.0,4.0,3.0,6.0
karaoke,6.0,6.0,7.0,8.0,10.0,3.0
katrina kaif,9.0,9.0,8.0,2.0,1.0,2.0
kind,3.0,6.0,5.0,7.0,2.0,9.0
kink,7.0,5.0,8.0,3.0,8.0,2.0
kiss,9.0,9.0,8.0,2.0,3.0,5.0
kisser,2.0,10.0,8.0,4.0,3.0,10.0
kneecap,5.0,2.0,2.0,2.0,7.0,3.0
knees,2.0,4.0,8.0,2.0,5.0,10.0
knishes,4.0,4.0,4.0,4.0,3.0,7.0
knowing,8.0,4.0,8.0,8.0,1.0,7.0
knowledge,10.0,4.0,9.0,8.0,2.0,4.0
korean canadian,7.0,7.0,7.0,4.0,4.0,7.0
kuala lumpur,2.0,3.0,8.0,2.0,4.0,4.0
lab,9.0,3.0,3.0,3.0,5.0,6.0
labor,3.0,1.0,4.0,4.0,7.0,7.0
labyrinths,8.0,8.0,2.0,2.0,8.0,1.0
laden,5.0,3.0,5.0,2.0,7.0,5.0
landmark,6.0,3.0,2.0,3.0,6.0,3.0
landscape,4.0,8.0,5.0,3.0,5.0,6.0
laser wolf,1.0,1.0,10.0,8.0,4.0,4.0
lasers,3.0,1.0,8.0,3.0,7.0,7.0
last,5.0,5.0,4.0,5.0,5.0,5.0
last time,3.0,2.0,2.0,5.0,6.0,7.0
later,1.0,2.0,4.0,9.0,4.0,3.0
latitude,6.0,2.0,7.0,8.0,6.0,6.0
latter,4.0,8.0,4.0,4.0,4.0,4.0
latticed,8.0,3.0,6.0,4.0,1.0,7.0
laugh,2.0,4.0,10.0,1.0,4.0,4.0
layers,5.0,5.0,9.0,4.0,4.0,7.0
lead,2.0,2.0,2.0,1.0,7.0,1.0
leaf,2.0,9.0,9.0,1.0,2.0,9.0
leaves,7.0,7.0,9.0,5.0,6.0,7.0
leaving,5.0,5.0,6.0,5.0,7.0,5.0
ledge,3.0,3.0,10.0,3.0,7.0,2.0
leech,8.0,8.0,7.0,2.0,8.0,9.0
legitimate,5.0,4.0,5.0,9.0,8.0,5.0
lemon,7.0,5.0,7.0,3.0,4.0,3.0
lens,6.0,3.0,6.0,4.0,4.0,3.0
lesbian,3.0,7.0,2.0,2.0,3.0,10.0
lesbians,10.0,6.0,8.0,7.0,1.0,7.0
letters,9.0,9.0,9.0,5.0,3.0,6.0
lexical,8.0,8.0,8.0,2.0,2.0,2.0
librarians,9.0,3.0,4.0,3.0,6.0,5.0
lice,2.0,9.0,2.0,3.0,10.0,1.0
lie,8.0,4.0,4.0,7.0,7.0,7.0
life,4.0,9.0,10.0,7.0,4.0,8.0
lifetime,6.0,7.0,7.0,10.0,5.0,6.0
lifetimes,5.0,7.0,5.0,6.0,6.0,5.0
lighter,8.0,9.0,9.0,4.0,5.0,8.0
lights,3.0,2.0,8.0,2.0,6.0,10.0
lima,9.0,6.0,2.0,9.0,2.0,9.0
lima beans,7.0,3.0,4.0,2.0,4.0,9.0
line,6.0,3.0,3.0,3.0,6.0,7.0
lineage,6.0,3.0,6.0,6.0,5.0,6.0
lines,8.0,3.0,3.0,4.0,7.0,7.0
linguistics,5.0,4.0,7.0,6.0,5.0,6.0
link,4.0,5.0,7.0,4.0,5.0,4.0
lip,5.0,9.0,7.0,3.0,3.0,10.0
lispector,9.0,9.0,9.0,9.0,4.0,1.0
liver,3.0,3.0,3.0,6.0,7.0,8.0
living,6.0,10.0,10.0,8.0,3.0,3.0
living room,4.0,2.0,6.0,3.0,3.0,7.0
loan,2.0,2.0,2.0,4.0,10.0,1.0
lobster,10.0,8.0,2.0,1.0,4.0,7.0
locked,6.0,3.0,2.0,2.0,6.0,3.0
longitude,1.0,2.0,3.0,7.0,7.0,3.0
looking,3.0,8.0,8.0,8.0,3.0,8.0
looser,3.0,9.0,7.0,9.0,3.0,8.0
love,6.0,8.0,8.0,7.0,6.0,7.0
loved,5.0,10.0,8.0,8.0,3.0,9.0
lovely,4.0,7.0,3.0,7.0,4.0,5.0
lover’s,6.0,10.0,9.0,9.0,1.0,9.0
low,2.0,6.0,8.0,4.0,4.0,7.0
lowest,6.0,3.0,4.0,6.0,5.0,8.0
lowest ground,2.0,2.0,3.0,2.0,7.0,7.0
lucifer,5.0,10.0,9.0,4.0,5.0,9.0
lunar,4.0,7.0,7.0,4.0,4.0,8.0
lunch,5.0,3.0,8.0,2.0,1.0,7.0
machine,6.0,1.0,3.0,1.0,7.0,1.0
mad,6.0,8.0,9.0,8.0,8.0,7.0
magic,9.0,10.0,10.0,10.0,3.0,7.0
magical,6.0,10.0,8.0,10.0,1.0,4.0
magnetic,6.0,2.0,8.0,6.0,3.0,8.0
magnetoreceptors,10.0,1.0,3.0,4.0,1.0,9.0
maiden,8.0,8.0,7.0,7.0,6.0,6.0
maintenance,7.0,1.0,4.0,1.0,5.0,3.0
makerspace,6.0,1.0,8.0,2.0,9.0,6.0
makeup,7.0,7.0,8.0,4.0,4.0,7.0
making,8.0,8.0,10.0,2.0,2.0,4.0
male,2.0,3.0,3.0,2.0,10.0,3.0
mandarin,9.0,7.0,4.0,4.0,4.0,7.0
mangram,5.0,7.0,7.0,8.0,8.0,6.0
manic pixie dream,9.0,7.0,1.0,10.0,10.0,3.0
manifest,7.0,7.0,10.0,4.0,1.0,6.0
manipulative,8.0,4.0,4.0,8.0,9.0,4.0
"many, many",6.0,8.0,3.0,3.0,6.0,6.0
man’s,4.0,3.0,3.0,3.0,9.0,2.0
maps,5.0,2.0,4.0,3.0,4.0,5.0
marine,8.0,4.0,9.0,8.0,3.0,8.0
mark,6.0,4.0,7.0,7.0,6.0,4.0
marriage,5.0,7.0,4.0,6.0,10.0,7.0
mary oliver,1.0,8.0,9.0,5.0,1.0,9.0
masculinity,4.0,7.0,7.0,8.0,6.0,5.0
mask-like,8.0,7.0,4.0,4.0,2.0,4.0
match,8.0,3.0,7.0,3.0,4.0,4.0
maternal,3.0,8.0,3.0,4.0,2.0,9.0
maths,6.0,2.0,3.0,9.0,10.0,3.0
matter,5.0,2.0,9.0,3.0,5.0,5.0
mavericks,7.0,9.0,8.0,9.0,3.0,3.0
maximum,6.0,2.0,5.0,4.0,6.0,4.0
me,6.0,7.0,8.0,2.0,6.0,6.0
meal,4.0,4.0,8.0,3.0,2.0,8.0
meaning-making,10.0,4.0,8.0,4.0,2.0,8.0
mechanical,8.0,1.0,10.0,1.0,1.0,1.0
medical,6.0,3.0,4.0,4.0,8.0,3.0
medicine cabinet,5.0,1.0,1.0,1.0,7.0,3.0
memories,4.0,8.0,6.0,8.0,4.0,9.0
mentalities,8.0,3.0,8.0,9.0,7.0,4.0
mesh,6.0,4.0,8.0,6.0,4.0,8.0
message,4.0,3.0,8.0,3.0,4.0,9.0
metal,5.0,3.0,5.0,3.0,5.0,8.0
metals,6.0,2.0,2.0,1.0,6.0,1.0
metamorphosis,6.0,9.0,10.0,5.0,3.0,8.0
methane,4.0,2.0,5.0,7.0,9.0,4.0
methods,7.0,2.0,8.0,2.0,5.0,5.0
metropolitan,8.0,8.0,8.0,7.0,3.0,4.0
microscopic,7.0,3.0,3.0,3.0,1.0,3.0
middle,2.0,3.0,3.0,8.0,8.0,7.0
middle school,6.0,3.0,4.0,6.0,7.0,4.0
midnight,3.0,2.0,4.0,3.0,2.0,3.0
miles,2.0,9.0,8.0,9.0,2.0,9.0
military,6.0,1.0,1.0,5.0,10.0,1.0
military morse secrets,5.0,2.0,1.0,3.0,9.0,3.0
milk,9.0,9.0,9.0,2.0,8.0,9.0
millenia,9.0,9.0,5.0,3.0,4.0,8.0
mindpalace,5.0,9.0,9.0,10.0,9.0,3.0
mirror,8.0,8.0,8.0,3.0,2.0,9.0
missives,9.0,9.0,5.0,8.0,5.0,7.0
mitch,8.0,3.0,3.0,3.0,8.0,4.0
mitosis,7.0,2.0,1.0,4.0,8.0,4.0
mix,8.0,8.0,8.0,8.0,5.0,5.0
mnemonic,8.0,7.0,7.0,6.0,1.0,10.0
model,2.0,7.0,5.0,4.0,5.0,5.0
modules,6.0,2.0,3.0,8.0,8.0,7.0
mole,5.0,4.0,7.0,3.0,7.0,5.0
molecular,4.0,2.0,3.0,7.0,4.0,7.0
mom,1.0,8.0,8.0,2.0,3.0,9.0
moment,4.0,10.0,10.0,9.0,1.0,5.0
momentary,5.0,4.0,7.0,8.0,5.0,5.0
moments,6.0,9.0,7.0,8.0,4.0,8.0
monarch,9.0,3.0,2.0,3.0,9.0,2.0
months,5.0,6.0,7.0,7.0,5.0,7.0
montrose ave,6.0,4.0,7.0,3.0,4.0,8.0
moon,6.0,10.0,9.0,2.0,4.0,8.0
moons,9.0,9.0,9.0,2.0,3.0,6.0
moray eel,7.0,3.0,8.0,2.0,7.0,7.0
more compelling,9.0,3.0,9.0,9.0,5.0,10.0
more detailed,9.0,4.0,5.0,5.0,5.0,5.0
morning,9.0,3.0,4.0,2.0,4.0,7.0
mornings,4.0,7.0,7.0,7.0,4.0,8.0
mossy,1.0,10.0,7.0,1.0,1.0,10.0
mother,2.0,10.0,8.0,3.0,4.0,10.0
motherboards,8.0,1.0,8.0,1.0,5.0,2.0
mothman,8.0,5.0,5.0,8.0,7.0,6.0
motion,3.0,9.0,10.0,2.0,1.0,8.0
mountain,4.0,8.0,8.0,2.0,2.0,2.0
mouth,5.0,7.0,9.0,2.0,9.0,8.0
mouths,6.0,10.0,9.0,4.0,6.0,9.0
movie,5.0,8.0,3.0,4.0,4.0,5.0
movies,6.0,9.0,8.0,8.0,2.0,8.0
moving across,5.0,3.0,8.0,5.0,5.0,5.0
mucky,3.0,2.0,4.0,8.0,8.0,3.0
mumbai,2.0,9.0,8.0,1.0,1.0,10.0
mummified,8.0,5.0,1.0,2.0,9.0,1.0
mundane,9.0,9.0,3.0,9.0,5.0,7.0
mushrooms,6.0,10.0,10.0,6.0,3.0,8.0
mustard,6.0,2.0,2.0,1.0,3.0,8.0
mutilate,9.0,7.0,7.0,4.0,4.0,3.0
mutuals,6.0,7.0,8.0,3.0,3.0,8.0
my friend’s,6.0,9.0,6.0,9.0,3.0,9.0
myrrh,6.0,8.0,8.0,6.0,4.0,8.0
mysterious,9.0,10.0,10.0,10.0,3.0,8.0
mystery,8.0,8.0,8.0,4.0,4.0,7.0
mythology,6.0,8.0,9.0,9.0,3.0,8.0
naked,6.0,8.0,8.0,4.0,5.0,8.0
name,6.0,9.0,2.0,9.0,6.0,8.0
named,6.0,6.0,6.0,9.0,6.0,9.0
nariz,4.0,4.0,4.0,2.0,5.0,4.0
nasal,7.0,7.0,4.0,4.0,9.0,8.0
native,2.0,8.0,9.0,8.0,2.0,3.0
natural,5.0,8.0,9.0,9.0,2.0,9.0
nature,8.0,7.0,10.0,7.0,7.0,6.0
neck,8.0,7.0,9.0,6.0,5.0,9.0
nectarine,1.0,10.0,10.0,4.0,1.0,7.0
neighbour,1.0,7.0,3.0,3.0,3.0,8.0
neolithic,6.0,2.0,3.0,2.0,6.0,2.0
neon-lit,10.0,8.0,3.0,1.0,3.0,2.0
nerve agent,8.0,2.0,9.0,3.0,8.0,3.0
nervous system,7.0,6.0,8.0,7.0,5.0,7.0
nests,7.0,4.0,8.0,4.0,3.0,8.0
neurotic,10.0,8.0,8.0,10.0,10.0,2.0
never ending,4.0,9.0,8.0,9.0,4.0,7.0
new,2.0,2.0,2.0,9.0,8.0,7.0
new york,2.0,4.0,10.0,1.0,10.0,3.0
newborn,3.0,4.0,9.0,2.0,2.0,10.0
nice,3.0,7.0,4.0,8.0,3.0,8.0
niece:,6.0,7.0,8.0,3.0,4.0,6.0
night,9.0,9.0,6.0,9.0,3.0,6.0
nightmare,3.0,8.0,8.0,9.0,3.0,6.0
nights,9.0,8.0,9.0,8.0,1.0,10.0
nine,9.0,9.0,2.0,2.0,4.0,7.0
no,10.0,2.0,2.0,1.0,10.0,1.0
nomadic,8.0,7.0,9.0,8.0,5.0,5.0
none,5.0,2.0,5.0,2.0,6.0,4.0
noone,7.0,4.0,4.0,3.0,8.0,5.0
north,3.0,2.0,3.0,3.0,2.0,2.0
nose,1.0,7.0,2.0,3.0,7.0,5.0
nostalgia,9.0,10.0,8.0,8.0,3.0,10.0
nostril flares,10.0,4.0,8.0,2.0,9.0,2.0
nostrils,3.0,4.0,7.0,4.0,6.0,9.0
notifications,4.0,1.0,10.0,8.0,10.0,4.0
now,1.0,10.0,10.0,7.0,1.0,2.0
nuclear,3.0,1.0,10.0,3.0,3.0,4.0
objects,1.0,1.0,1.0,1.0,8.0,1.0
observation,9.0,2.0,3.0,9.0,4.0,6.0
obsessions,3.0,4.0,9.0,8.0,3.0,8.0
ocean,6.0,8.0,10.0,3.0,4.0,9.0
oceans,5.0,8.0,9.0,5.0,4.0,8.0
ode,2.0,9.0,6.0,4.0,4.0,7.0
odes,4.0,10.0,8.0,7.0,4.0,7.0
offering,5.0,7.0,8.0,7.0,4.0,8.0
offerings,8.0,8.0,4.0,3.0,4.0,9.0
official,9.0,2.0,3.0,5.0,5.0,7.0
offline,6.0,8.0,7.0,8.0,4.0,8.0
oil,3.0,3.0,8.0,3.0,8.0,9.0
okay,8.0,3.0,2.0,9.0,8.0,5.0
okra,2.0,3.0,3.0,2.0,3.0,5.0
old,2.0,3.0,3.0,3.0,9.0,7.0
older,8.0,4.0,8.0,3.0,8.0,5.0
olives,5.0,9.0,4.0,2.0,2.0,7.0
ominous,9.0,9.0,8.0,8.0,4.0,9.0
one another,5.0,8.0,3.0,5.0,5.0,7.0
one more,6.0,6.0,7.0,7.0,5.0,7.0
one of us,7.0,7.0,4.0,5.0,5.0,6.0
onion,7.0,1.0,1.0,1.0,8.0,2.0
orange,6.0,4.0,4.0,5.0,6.0,8.0
orchard,9.0,9.0,9.0,3.0,4.0,7.0
orchids,8.0,9.0,7.0,3.0,6.0,4.0
ordinary,5.0,6.0,6.0,6.0,6.0,7.0
organ,5.0,1.0,8.0,2.0,8.0,2.0
organic,7.0,7.0,5.0,7.0,7.0,5.0
organization,6.0,1.0,1.0,10.0,10.0,5.0
organs,4.0,4.0,6.0,3.0,5.0,9.0
orgy,9.0,10.0,9.0,9.0,1.0,10.0
origin,6.0,5.0,4.0,6.0,4.0,5.0
ornamented,7.0,5.0,4.0,4.0,8.0,3.0
oscar's best international picture,5.0,3.0,1.0,3.0,10.0,2.0
other,5.0,6.0,4.0,6.0,6.0,6.0
our duo,3.0,5.0,7.0,3.0,4.0,7.0
outstretched,9.0,4.0,4.0,3.0,4.0,8.0
over,4.0,4.5,5.5,7.5,5.5,5.5
overflow,6.0,5.0,10.0,3.0,9.0,8.0
own,5.0,3.0,3.0,3.0,5.0,5.0
oz,1.0,10.0,1.0,4.0,4.0,4.0
pages,9.0,8.0,8.0,3.0,4.0,8.0
pain,6.0,8.0,8.0,8.0,8.0,2.0
palm,6.0,8.0,3.0,2.0,4.0,7.0
palms,6.0,4.0,6.0,3.0,5.0,9.0
palpable,6.0,4.0,6.0,8.0,3.0,6.0
pandora’s box,9.0,9.0,9.0,9.0,4.0,3.0
papa,2.0,8.0,2.0,2.0,2.0,4.0
parents,7.0,2.0,7.0,2.0,8.0,4.0
park,1.0,2.0,3.0,3.0,5.0,4.0
parking,2.0,3.0,8.0,2.0,8.0,4.0
particular,9.0,7.0,4.0,9.0,7.0,4.0
parts,5.0,4.0,4.0,4.0,4.0,5.0
passages,2.0,3.0,8.0,3.0,4.0,8.0
past,2.0,7.0,3.0,8.0,3.0,2.0
path,8.0,6.0,7.0,5.0,7.0,7.0
pathos,8.0,8.0,4.0,8.0,8.0,5.0
patterns,9.0,9.0,8.0,3.0,3.0,4.0
peace,7.0,8.0,8.0,8.0,2.0,6.0
peach,8.0,8.0,3.0,3.0,1.0,8.0
pearlized,6.0,8.0,5.0,2.0,3.0,7.0
peas,8.0,8.0,4.0,1.0,1.0,7.0
peat,3.0,4.0,8.0,4.0,3.0,1.0
peking duck,8.0,10.0,2.0,1.0,5.0,2.0
pelo,9.0,8.0,7.0,1.0,4.0,8.0
people,2.0,5.0,10.0,4.0,4.0,4.0
perfect,5.0,10.0,8.0,10.0,6.0,6.0
periodical,9.0,3.0,8.0,2.0,1.0,3.0
peripheral,8.0,8.0,7.0,9.0,8.0,3.0
peroxide,10.0,8.0,9.0,1.0,10.0,9.0
petal,6.0,8.0,6.0,1.0,1.0,7.0
petals,9.0,10.0,8.0,1.0,3.0,4.0
philosophy,9.0,7.0,7.0,9.0,8.0,8.0
phishing,8.0,2.0,3.0,8.0,8.0,9.0
phone,1.0,5.0,2.0,2.0,6.0,9.0
phosphor,6.0,3.0,8.0,4.0,5.0,5.0
photography,9.0,7.0,3.0,3.0,4.0,4.0
photos,8.0,7.0,2.0,2.0,4.0,4.0
photosynthesizing,6.0,2.0,9.0,4.0,1.0,8.0
physical,8.0,3.0,9.0,2.0,2.0,3.0
physicists,7.0,6.0,8.0,5.0,4.0,4.0
pickleball,3.0,3.0,6.0,3.0,6.0,4.0
picture,7.0,8.0,6.0,4.0,3.0,8.0
pig,6.0,6.0,6.0,3.0,6.0,8.0
pine,3.0,3.0,6.0,3.0,4.0,5.0
pink,9.0,9.0,9.0,4.0,2.0,7.0
pinky,7.0,7.0,3.0,3.0,6.0,10.0
pipe,4.0,1.0,1.0,1.0,5.0,5.0
pipeline,2.0,3.0,5.0,2.0,4.0,7.0
piranhas,8.0,7.0,8.0,4.0,5.0,7.0
piss,3.0,3.0,7.0,3.0,8.0,9.0
pit,5.0,2.0,3.0,2.0,3.0,3.0
pizza,1.0,8.0,3.0,3.0,5.0,4.0
place,3.0,4.0,2.0,5.0,3.0,8.0
planes,3.0,5.0,9.0,6.0,7.0,5.0
plankton,1.0,3.0,3.0,1.0,5.0,1.0
plants,6.0,9.0,9.0,5.0,4.0,8.0
plates,7.0,6.0,4.0,3.0,7.0,5.0
platter,8.0,3.0,7.0,4.0,8.0,6.0
pleasure,6.0,10.0,8.0,8.0,1.0,10.0
pocket,8.0,8.0,8.0,4.0,2.0,8.0
poem,8.0,10.0,8.0,3.0,4.0,10.0
poems,8.0,10.0,6.0,4.0,3.0,9.0
poet,8.0,8.0,9.0,8.0,4.0,9.0
point,2.0,2.0,2.0,2.0,9.0,2.0
points,9.0,3.0,8.0,4.0,3.0,3.0
poison dart frogs,8.0,3.0,8.0,3.0,8.0,3.0
political,7.0,4.0,9.0,3.0,8.0,7.0
ponds,3.0,9.0,3.0,3.0,3.0,7.0
positive,3.0,2.0,3.0,4.0,8.0,3.0
possibility,5.0,7.0,8.0,10.0,6.0,5.0
possible,5.0,7.0,8.0,9.0,4.0,4.0
posters,4.0,6.0,4.0,4.0,6.0,5.0
pot,3.0,7.0,2.0,2.0,2.0,3.0
potential,2.0,8.0,10.0,10.0,5.0,5.0
pothos,8.0,7.0,9.0,3.0,2.0,10.0
pout,3.0,9.0,8.0,4.0,4.0,5.0
powder,8.0,7.0,8.0,2.0,6.0,9.0
powders,3.0,7.0,7.0,5.0,7.0,6.0
power,4.0,5.0,7.0,7.0,7.0,5.0
practice,2.0,4.0,10.0,8.0,1.0,3.0
predator,5.0,3.0,4.0,3.0,8.0,3.0
predators,8.0,2.0,9.0,1.0,2.0,2.0
prediction,6.0,3.0,6.0,8.0,6.0,6.0
preferences,9.0,9.0,9.0,9.0,3.0,7.0
prejudice,8.0,4.0,8.0,4.0,9.0,2.0
premises,7.0,4.0,8.0,3.0,3.0,5.0
premonitions,6.0,7.0,8.0,9.0,4.0,7.0
presentation,5.0,3.0,9.0,4.0,5.0,5.0
pressure,3.0,3.0,9.0,4.0,7.0,7.0
pretending,9.0,9.0,9.0,9.0,3.0,5.0
pretty,8.0,8.0,6.0,7.0,3.0,9.0
prey,9.0,3.0,7.0,3.0,4.0,7.0
pricking,6.0,3.0,4.0,2.0,9.0,3.0
principal,4.0,4.0,4.0,3.0,7.0,4.0
profession,6.0,2.0,4.0,6.0,9.0,8.0
progress,4.0,3.0,7.0,4.0,4.0,8.0
projects,9.0,3.0,3.0,3.0,4.0,4.0
prom,9.0,10.0,9.0,2.0,8.0,10.0
promise,3.0,9.0,3.0,3.0,3.0,8.0
promises,9.0,8.0,8.0,9.0,3.0,8.0
property,5.0,1.0,1.0,7.0,10.0,2.0
proud,9.0,5.0,3.0,8.0,7.0,4.0
prude,7.0,5.0,3.0,5.0,8.0,5.0
puberty,5.0,7.0,8.0,5.0,8.0,5.0
public,1.0,6.0,7.0,7.0,4.0,7.0
pulling,1.0,4.0,8.0,3.0,5.0,7.0
pulses,8.0,7.0,9.0,8.0,3.0,4.0
punishment,5.0,1.0,4.0,4.0,9.0,5.0
pupils,6.0,3.0,6.0,4.0,4.0,8.0
pure,8.0,9.0,2.0,9.0,4.0,8.0
purer,8.0,3.0,4.0,9.0,8.0,7.0
purgatory,5.0,8.0,3.0,8.0,7.0,5.0
purpose,9.0,2.0,8.0,4.0,5.0,5.0
pushing,9.0,4.0,8.0,3.0,3.0,5.0
put,3.0,3.0,6.0,8.0,6.0,6.0
quadrant,6.0,2.0,6.0,4.0,6.0,4.0
queer,10.0,8.0,10.0,9.0,1.0,5.0
questions,7.0,7.0,8.0,10.0,6.0,5.0
rain,2.0,9.0,3.0,5.0,3.0,10.0
raincoat,7.0,5.0,2.0,2.0,4.0,5.0
range,3.0,3.0,6.0,8.0,9.0,7.0
raspberry,6.0,3.0,4.0,2.0,8.0,9.0
rave,5.0,10.0,9.0,4.0,7.0,7.0
reaching,5.0,5.0,8.0,4.0,3.0,5.0
reaction,2.0,1.0,8.0,8.0,2.0,2.0
readers,5.0,7.0,8.0,5.0,5.0,7.0
readings,7.0,6.0,7.0,7.0,5.0,7.0
real,4.0,3.0,9.0,2.0,5.0,9.0
reality,10.0,1.0,9.0,3.0,8.0,1.0
really,2.0,4.0,3.0,7.0,7.0,7.0
reason,5.0,4.0,10.0,6.0,1.0,4.0
reasoning,10.0,2.0,4.0,3.0,8.0,3.0
reasons,8.0,7.0,7.0,8.0,8.0,7.0
reassurance,2.0,7.0,8.0,8.0,4.0,8.0
rebellion,3.0,3.0,9.0,2.0,7.0,4.0
rebirth,5.0,10.0,8.0,8.0,8.0,8.0
recent,6.0,3.0,7.0,8.0,6.0,8.0
recess,1.0,4.0,4.0,4.0,4.0,10.0
recharge,10.0,3.0,8.0,9.0,9.0,3.0
recommendations,8.0,1.0,3.0,9.0,8.0,7.0
record,8.0,8.0,3.0,3.0,5.0,4.0
recording studio,9.0,1.0,1.0,1.0,4.0,4.0
reductive,3.0,2.0,4.0,9.0,4.0,4.0
references,10.0,3.0,3.0,4.0,5.0,10.0
reflection,9.0,9.0,8.0,8.0,2.0,4.0
regeneration,9.0,3.0,10.0,4.0,1.0,10.0
regional,5.0,2.0,8.0,2.0,4.0,7.0
regret,10.0,10.0,9.0,9.0,9.0,10.0
relationship,5.0,5.0,8.0,7.0,7.0,7.0
release,4.0,8.0,7.0,7.0,4.0,5.0
reliable,2.0,3.0,3.0,7.0,4.0,6.0
relieved,7.0,8.0,8.0,5.0,4.0,8.0
rent,5.0,3.0,4.0,2.0,7.0,3.0
repeated,8.0,8.0,9.0,8.0,4.0,4.0
reports,6.0,2.0,4.0,3.0,7.0,3.0
representing,2.0,7.0,8.0,9.0,5.0,5.0
researchers,7.0,1.0,2.0,2.0,8.0,8.0
resetting,10.0,1.0,10.0,10.0,7.0,8.0
respectful,4.0,4.0,7.0,3.0,3.0,4.0
rest,9.0,7.0,6.0,4.0,3.0,10.0
restaurant,8.0,8.0,2.0,3.0,4.0,7.0
returning,2.0,9.0,8.0,3.0,3.0,7.0
revealing,4.0,6.0,7.0,7.0,7.0,8.0
ribs,2.0,4.0,3.0,2.0,5.0,3.0
rich,7.0,10.0,9.0,5.0,7.0,9.0
richard linklater,3.0,1.0,1.0,1.0,8.0,1.0
rifts,2.0,8.0,9.0,7.0,2.0,9.0
right,8.0,4.0,4.0,8.0,3.0,4.0
rings,2.0,9.0,3.0,2.0,4.0,8.0
roadmap,8.0,2.0,4.0,4.0,7.0,2.0
roadtrip,1.0,8.0,7.0,3.0,5.0,3.0
robbers),6.0,2.0,3.0,3.0,9.0,7.0
robots,4.0,1.0,2.0,2.0,8.0,2.0
robots?”,6.0,3.0,4.0,2.0,8.0,2.0
rock,2.0,2.0,3.0,2.0,2.0,3.0
role,6.0,3.0,6.0,8.0,6.0,6.0
roof,1.0,5.0,1.0,1.0,2.0,5.0
room,10.0,1.0,1.0,1.0,7.0,7.0
rooms,8.0,4.0,3.0,2.0,3.0,7.0
roots,2.0,8.0,8.0,2.0,4.0,7.0
rosa,6.0,10.0,8.0,6.0,3.0,8.0
rotting,6.0,4.0,9.0,8.0,8.0,8.0
rough,1.0,8.0,8.0,3.0,3.0,7.0
round,3.0,4.0,3.0,5.0,2.0,7.0
rules,8.0,2.0,1.0,2.0,8.0,3.0
runs along the river,3.0,8.0,8.0,6.0,5.0,3.0
rural,6.0,3.0,8.0,6.0,5.0,8.0
sad,9.0,8.0,8.0,7.0,3.0,2.0
safe,6.0,3.0,4.0,6.0,4.0,9.0
saffron,6.0,7.0,3.0,1.0,4.0,7.0
saints,4.0,7.0,4.0,4.0,5.0,7.0
sake,9.0,9.0,10.0,8.0,2.0,2.0
salami,3.0,4.0,6.0,3.0,5.0,8.0
salmon,9.0,4.0,8.0,2.0,2.0,8.0
salmon migration,10.0,8.0,10.0,5.0,4.0,10.0
sam,5.0,10.0,1.0,1.0,5.0,5.0
samosa,3.0,4.0,4.0,2.0,3.0,8.0
san luis obispo,5.0,7.0,4.0,3.0,4.0,3.0
sanctuary,3.0,4.0,4.0,7.0,1.0,8.0
sandman,2.0,8.0,8.0,8.0,4.0,5.0
sanity,7.0,4.0,4.0,10.0,7.0,4.0
satellite,9.0,1.0,3.0,2.0,8.0,2.0
satellites,9.0,2.0,8.0,2.0,5.0,2.0
satisfied,10.0,5.0,3.0,8.0,1.0,4.0
satisfying,9.0,9.0,3.0,5.0,9.0,4.0
saturday,3.0,3.0,6.0,4.0,6.0,6.0
save,6.0,8.0,8.0,8.0,4.0,7.0
scales,4.0,5.0,9.0,4.0,8.0,5.0
scarcity,8.0,6.0,3.0,6.0,7.0,7.0
scared,5.0,10.0,10.0,10.0,10.0,4.0
scars,8.0,4.0,3.0,7.0,8.0,4.0
scary,8.0,6.0,3.0,8.0,9.0,3.0
scenario,9.0,5.0,10.0,9.0,3.0,10.0
scene,6.0,8.0,9.0,4.0,4.0,6.0
scenes,4.0,4.0,9.0,2.0,5.0,8.0
scheduled,9.0,2.0,2.0,2.0,5.0,2.0
schizophrenic,6.0,3.0,9.0,8.0,9.0,2.0
school,3.0,5.0,4.0,5.0,5.0,5.0
scientist,8.0,3.0,3.0,3.0,6.0,3.0
scooting,4.0,4.0,9.0,3.0,4.0,4.0
scottish,1.0,7.0,3.0,3.0,3.0,1.0
scrapes,5.0,2.0,9.0,2.0,2.0,3.0
screen,9.0,2.0,10.0,9.0,1.0,3.0
scubadiver,4.0,4.0,6.0,6.0,4.0,8.0
sea,8.0,9.0,10.0,2.0,1.0,10.0
seat,10.0,2.0,1.0,2.0,3.0,6.0
second,5.0,4.0,4.0,4.0,4.0,6.0
secret,9.0,9.0,7.0,7.0,4.0,5.0
sedentary,9.0,9.0,2.0,8.0,4.0,7.0
seed,10.0,9.0,8.0,10.0,3.0,1.0
seeking,2.0,8.0,8.0,8.0,8.0,2.0
seen,9.0,8.0,7.0,7.0,5.0,9.0
self-important,8.0,4.0,4.0,10.0,8.0,4.0
seltzer,8.0,8.0,8.0,2.0,1.0,4.0
seltzer water,8.0,7.0,9.0,2.0,5.0,2.0
selves,5.0,9.0,9.0,9.0,4.0,8.0
semantics,8.0,3.0,3.0,8.0,8.0,4.0
sense,10.0,10.0,10.0,10.0,2.0,10.0
sentence,9.0,3.0,3.0,3.0,3.0,7.0
sentience,8.0,8.0,8.0,9.0,7.0,9.0
sentimental,4.0,9.0,9.0,10.0,2.0,9.0
serenade,7.0,8.0,3.0,3.0,8.0,2.0
series,7.0,3.0,8.0,4.0,7.0,7.0
seriousness,7.0,7.0,8.0,8.0,8.0,4.0
server,1.0,3.0,3.0,4.0,3.0,7.0
setting,4.0,4.0,4.0,3.0,4.0,4.0
settlement,2.0,2.0,2.0,2.0,9.0,4.0
sexy,7.0,8.0,9.0,8.0,4.0,7.0
shadow,8.0,8.0,9.0,9.0,2.0,9.0
shallow,6.0,3.0,4.0,7.0,8.0,5.0
shame,6.0,4.0,9.0,10.0,8.0,8.0
share,5.0,6.0,8.0,6.0,4.0,8.0
sharpie’s,9.0,2.0,3.0,1.0,1.0,7.0
ship,9.0,9.0,3.0,3.0,3.0,7.0
shit,5.0,1.0,2.0,2.0,2.0,2.0
short,5.0,4.0,4.0,3.0,5.0,6.0
shoulder,3.0,7.0,8.0,2.0,3.0,5.0
show,3.0,8.0,8.0,8.0,3.0,10.0
shower,8.0,1.0,3.0,2.0,8.0,9.0
shy,9.0,8.0,4.0,9.0,4.0,9.0
sibling,3.0,3.0,9.0,2.0,9.0,8.0
siblings,4.0,4.0,9.0,2.0,3.0,8.0
side,5.0,2.0,4.0,8.0,5.0,5.0
signaling,9.0,9.0,10.0,8.0,7.0,8.0
significant,6.0,8.0,8.0,8.0,3.0,8.0
silk,9.0,10.0,8.0,1.0,1.0,10.0
silly,3.0,8.0,5.0,8.0,5.0,7.0
silver,10.0,5.0,7.0,3.0,5.0,7.0
similar,9.0,7.0,9.0,8.0,3.0,10.0
simple,3.0,4.0,2.0,8.0,4.0,7.0
single,8.0,4.0,2.0,7.0,4.0,4.0
sitting,2.0,3.0,1.0,5.0,3.0,5.0
situation,8.0,3.0,4.0,9.0,4.0,9.0
situational,9.0,9.0,9.0,8.0,4.0,7.0
situations,8.0,5.0,9.0,3.0,7.0,7.0
skeletal,9.0,9.0,4.0,4.0,5.0,4.0
skip,7.0,8.0,8.0,5.0,3.0,3.0
skype,10.0,3.0,1.0,3.0,2.0,3.0
slants,8.0,8.0,10.0,5.0,5.0,4.0
slaughter,4.0,8.0,9.0,3.0,3.0,3.0
sleep,9.0,9.0,2.0,8.0,2.0,9.0
slice of toast,2.0,2.0,4.0,3.0,2.0,9.0
slices,7.0,6.0,7.0,4.0,4.0,7.0
slick,2.0,9.0,8.0,8.0,3.0,7.0
sloths,1.0,8.0,4.0,9.0,4.0,10.0
slow-burn,7.0,7.0,5.0,8.0,5.0,5.0
slowly,2.0,8.0,3.0,9.0,3.0,9.0
slut,6.0,5.0,6.0,9.0,9.0,3.0
small,9.0,8.0,3.0,8.0,4.0,6.0
smells,3.0,4.0,6.0,5.0,6.0,8.0
smiling,4.0,5.0,8.0,2.0,2.0,9.0
smoke,9.0,9.0,9.0,2.0,4.0,4.0
smoky,8.0,8.0,8.0,8.0,4.0,9.0
smooth,8.0,8.0,7.0,2.0,2.0,10.0
smouldering,7.0,7.0,6.0,9.0,8.0,8.0
smuggling,8.0,7.0,8.0,3.0,8.0,3.0
snacks,7.0,10.0,8.0,4.0,2.0,3.0
soaking,4.0,7.0,7.0,4.0,5.0,5.0
societies,4.0,3.0,6.0,4.0,6.0,8.0
society,5.0,4.0,8.0,8.0,7.0,7.0
sofa,4.0,2.0,2.0,2.0,4.0,9.0
soft,4.0,7.0,3.0,3.0,2.0,10.0
soft bed,2.0,7.0,4.0,3.0,5.0,10.0
softer,6.0,10.0,8.0,3.0,3.0,10.0
software,5.0,5.0,8.0,9.0,2.0,5.0
soggy,2.0,2.0,7.0,3.0,4.0,5.0
soldiers,5.0,2.0,5.0,2.0,9.0,1.0
solidified,2.0,3.0,3.0,8.0,3.0,5.0
solitary,10.0,8.0,6.0,7.0,6.0,7.0
someone's,5.0,8.0,8.0,9.0,5.0,9.0
songs,1.0,10.0,8.0,9.0,5.0,9.0
sonnets,8.0,10.0,6.0,8.0,5.0,8.0
son’s,4.0,4.0,6.0,6.0,6.0,7.0
sophisticated,6.0,7.0,6.0,7.0,9.0,7.0
sore,3.0,7.0,4.0,4.0,7.0,10.0
sorrow,9.0,10.0,9.0,10.0,4.0,9.0
sorrowful,9.0,9.0,6.0,10.0,8.0,9.0
soulfulness,8.0,10.0,8.0,6.0,4.0,9.0
souls,6.0,9.0,8.0,10.0,2.0,10.0
sound,5.0,4.0,7.0,8.0,4.0,4.0
sounds,8.0,8.0,9.0,3.0,2.0,8.0
soup,7.0,6.0,7.0,2.0,2.0,5.0
soup’,1.0,7.0,2.0,2.0,2.0,4.0
spa,8.0,8.0,8.0,3.0,3.0,8.0
space,3.0,8.0,10.0,7.0,2.0,5.0
spaces,5.0,5.0,8.0,8.0,5.0,7.0
spamalot,5.0,3.0,4.0,3.0,9.0,2.0
spatial,6.0,5.0,10.0,7.0,3.0,8.0
species,5.0,9.0,10.0,2.0,2.0,8.0
specific,6.0,3.0,6.0,4.0,4.0,8.0
speed,3.0,4.0,8.0,8.0,4.0,2.0
spell,8.0,9.0,8.0,9.0,3.0,7.0
spermless,8.0,4.0,1.0,9.0,8.0,8.0
spice,8.0,8.0,9.0,3.0,5.0,3.0
spinal,8.0,3.0,8.0,4.0,3.0,2.0
spirit,9.0,10.0,10.0,8.0,4.0,7.0
spirit airlines,7.0,2.0,2.0,4.0,7.0,6.0
spit,3.0,3.0,8.0,6.0,9.0,8.0
spoon,4.0,3.0,4.0,3.0,4.0,4.0
spot,1.0,7.0,1.0,3.0,5.0,4.0
spring,4.0,5.0,9.0,3.0,2.0,8.0
square,8.0,2.0,2.0,1.0,7.0,1.0
squares,6.0,1.0,3.0,3.0,2.0,3.0
squirming,2.0,8.0,10.0,9.0,9.0,8.0
squirrel,4.0,5.0,7.0,2.0,6.0,7.0
squishing,2.0,7.0,10.0,3.0,4.0,7.0
stability,5.0,4.0,3.0,8.0,3.0,5.0
stage,8.0,8.0,7.0,2.0,5.0,3.0
stainless,6.0,2.0,2.0,2.0,8.0,1.0
stains,2.0,3.0,7.0,3.0,7.0,4.0
stand,3.0,7.0,2.0,2.0,6.0,2.0
standard,8.0,1.0,1.0,10.0,7.0,2.0
starfish,6.0,9.0,8.0,6.0,3.0,8.0
starting,2.0,8.0,8.0,8.0,3.0,3.0
starving,2.0,2.0,9.0,9.0,4.0,5.0
states,5.0,1.0,10.0,10.0,9.0,3.0
static,6.0,3.0,2.0,3.0,9.0,1.0
steady,6.0,8.0,3.0,4.0,3.0,4.0
steak,3.0,3.0,3.0,2.0,5.0,7.0
steam,5.0,3.0,8.0,4.0,5.0,5.0
steaming,7.0,5.0,7.0,7.0,7.0,7.0
steel,5.0,8.0,4.0,2.0,4.0,5.0
step,2.0,2.0,8.0,3.0,4.0,6.0
sticky,4.0,4.0,8.0,3.0,8.0,8.0
still,10.0,7.0,2.0,4.0,5.0,5.0
stir,6.0,2.0,9.0,8.0,4.0,8.0
stone,2.0,5.0,3.0,4.0,2.0,7.0
store,4.0,5.0,3.0,2.0,8.0,3.0
stories,2.0,9.0,10.0,8.0,1.0,8.0
story,2.5,8.5,8.5,7.5,5.0,7.0
storytelling,2.0,9.0,8.0,10.0,4.0,3.0
storytime,1.0,10.0,10.0,9.0,1.0,10.0
stove,6.0,3.0,6.0,3.0,6.0,3.0
straightedges,6.0,3.0,3.0,3.0,3.0,3.0
strange,2.0,8.0,7.0,9.0,2.0,4.0
strangers,9.0,10.0,10.0,8.0,2.0,2.0
strategy,6.0,2.0,2.0,9.0,7.0,3.0
stratified,9.0,4.0,2.0,3.0,7.0,7.0
straw,6.0,2.0,2.0,6.0,3.0,8.0
streams of consciousness,9.0,8.0,9.0,9.0,7.0,9.0
street,8.0,5.0,7.0,3.0,5.0,5.0
street view,2.0,2.0,9.0,8.0,4.0,7.0
strollers,6.0,1.0,3.0,1.0,9.0,3.0
strong,2.0,3.0,3.0,1.0,5.0,1.0
stronger,2.0,2.0,2.0,1.0,3.0,1.0
strongest,2.0,2.0,3.0,3.0,4.0,6.0
structural,3.0,3.0,2.0,4.0,6.0,5.0
structure,9.0,2.0,4.0,2.0,2.0,2.0
structured,3.0,2.0,3.0,3.0,2.0,8.0
structures,4.0,2.0,2.0,7.0,6.0,4.0
stuck,6.0,4.0,6.0,3.0,9.0,4.0
studies,3.0,7.0,7.0,5.0,5.0,7.0
study,7.0,6.0,5.0,5.0,5.0,5.0
stuff,1.0,10.0,10.0,3.0,2.0,8.0
subjective,8.0,7.0,8.0,7.0,3.0,5.0
submarine,7.0,4.0,6.0,1.0,7.0,2.0
subtle,9.0,8.0,7.0,5.0,4.0,9.0
success,9.0,4.0,9.0,8.0,4.0,9.0
succulents,10.0,7.0,3.0,2.0,1.0,1.0
sugar,4.0,5.0,3.0,2.0,2.0,9.0
sum,4.0,4.0,4.0,4.0,3.0,7.0
sunday,2.0,5.0,3.0,3.0,4.0,8.0
sunny,3.0,8.0,4.0,4.0,4.0,4.0
superficial,4.0,5.0,4.0,5.0,10.0,7.0
sure,4.0,3.0,7.0,6.0,2.0,10.0
surface,6.0,1.0,2.0,3.0,6.0,7.0
surfaces,7.0,4.0,8.0,5.0,5.0,7.0
surgery,8.0,3.0,9.0,3.0,7.0,7.0
sutures,6.0,4.0,2.0,2.0,8.0,9.0
swamp,4.0,6.0,7.0,3.0,5.0,5.0
sweat,4.0,4.0,7.0,2.0,8.0,8.0
sweet,3.0,9.0,9.0,2.0,4.0,6.0
sweetheart,7.0,8.0,7.0,9.0,5.0,9.0
sweetness,2.0,10.0,3.0,10.0,4.0,7.0
swirl,1.0,10.0,10.0,7.0,1.0,10.0
swooning,1.0,10.0,8.0,5.0,5.0,8.0
swordsman,2.0,7.0,3.0,2.0,7.0,3.0
symbiotic-,6.0,9.0,10.0,8.0,2.0,9.0
symphony,8.0,8.0,9.0,8.0,3.0,9.0
syrup,8.0,9.0,8.0,1.0,3.0,10.0
systematicity,6.0,2.0,2.0,6.0,8.0,6.0
table,2.0,3.0,3.0,2.0,3.0,5.0
tablespoon,6.0,3.0,3.0,2.0,3.0,4.0
take out,2.0,3.0,4.0,1.0,3.0,5.0
tale,8.0,10.0,10.0,8.0,3.0,9.0
talking,3.0,4.0,7.0,5.0,5.0,5.0
tall,4.0,5.0,3.0,4.0,3.0,4.0
tan,3.0,3.0,3.0,3.0,9.0,4.0
tarpit,3.0,8.0,7.0,3.0,5.0,5.0
task,6.0,1.0,8.0,9.0,7.0,3.0
tattoo,7.0,7.0,3.0,3.0,5.0,4.0
taut,6.0,8.0,8.0,4.0,6.0,3.0
taxonomy,5.0,3.0,2.0,3.0,5.0,3.0
tea,8.0,9.0,8.0,4.0,3.0,7.0
teacher,8.0,2.0,9.0,5.0,3.0,5.0
teacher’s,4.0,3.0,6.0,6.0,4.0,8.0
tearing,2.0,8.0,10.0,3.0,4.0,7.0
teas,6.0,8.0,3.0,4.0,4.0,9.0
teenaged,5.0,9.0,9.0,2.0,10.0,9.0
telegraph,6.0,3.0,6.0,4.0,6.0,4.0
ten,1.0,1.0,1.0,1.0,5.0,3.0
tender,4.0,9.0,7.0,9.0,2.0,9.0
tense,9.0,9.0,8.0,4.0,8.0,4.0
tension,9.0,6.0,9.0,6.0,2.0,5.0
teresa,10.0,9.0,9.0,2.0,1.0,10.0
teresa hawkins,7.0,4.0,4.0,1.0,5.0,2.0
terra nullius,9.0,8.0,8.0,8.0,3.0,8.0
testing,4.0,3.0,8.0,3.0,3.0,5.0
text,8.0,8.0,9.0,2.0,2.0,9.0
textiles,2.0,3.0,3.0,2.0,7.0,3.0
texts,3.0,2.0,5.0,2.0,9.0,10.0
thank you,9.0,4.0,4.0,3.0,4.0,2.0
thankful,6.0,8.0,4.0,10.0,2.0,9.0
thanks,6.0,8.0,8.0,10.0,1.0,8.0
that,1.0,3.0,1.0,3.0,9.0,3.0
the boy and the heron,9.0,9.0,8.0,2.0,2.0,9.0
the cold,8.0,2.0,2.0,2.0,5.0,4.0
the dead,6.0,2.0,1.0,1.0,9.0,5.0
the dispossessed,4.0,4.0,8.0,3.0,9.0,2.0
the infernal affairs trilogy,6.0,7.0,8.0,4.0,4.0,4.0
the mariana trench,2.0,9.0,2.0,2.0,3.0,4.0
the naval cemetery,7.0,1.0,2.0,4.0,8.0,4.0
the next fifty,4.0,2.0,9.0,8.0,3.0,4.0
the upper west side,5.0,5.0,5.0,5.0,9.0,4.0
the wealthy,10.0,2.0,3.0,8.0,8.0,7.0
them,5.0,5.0,9.0,9.0,5.0,9.0
then,5.0,4.0,8.0,4.0,4.0,8.0
therapeutic,7.0,4.0,7.0,7.0,5.0,7.0
thigh,4.0,8.0,8.0,4.0,4.0,10.0
thighs,8.0,8.0,7.0,2.0,2.0,10.0
thin,6.0,7.0,3.0,8.0,6.0,8.0
thing,2.0,4.0,6.0,3.0,3.0,7.0
thistle,8.0,8.0,5.0,2.0,4.0,6.0
thought,2.0,9.0,8.0,10.0,5.0,7.0
thousands,2.0,2.0,7.0,4.0,5.0,7.0
threshold,5.0,3.0,2.0,6.0,6.0,3.0
thrown off,8.0,4.0,8.0,2.0,3.0,4.0
thrusting,6.0,3.0,8.0,6.0,9.0,4.0
thumb,7.0,3.0,5.0,2.0,7.0,7.0
thumbs,8.0,2.0,7.0,4.0,3.0,7.0
tia,8.0,6.0,6.0,5.0,4.0,4.0
ticket,7.0,4.0,7.0,4.0,7.0,5.0
ticking,10.0,7.0,3.0,3.0,10.0,7.0
tide,5.0,5.0,8.0,5.0,5.0,5.0
tides,3.0,9.0,6.0,4.0,3.0,9.0
tilled,3.0,3.0,6.0,2.0,3.0,3.0
time,10.0,5.0,8.0,4.0,7.0,7.0
times,8.0,8.0,9.0,9.0,7.0,4.0
timescale,8.0,1.0,9.0,9.0,8.0,3.0
tiny,7.0,8.0,6.0,3.0,1.0,8.0
tipsy,7.0,8.0,4.0,3.0,3.0,8.0
titular,5.0,4.0,3.0,3.0,7.0,4.0
toadette,9.0,10.0,9.0,3.0,4.0,5.0
toast,2.0,8.0,6.0,7.0,2.0,2.0
toaster,2.0,2.0,3.0,1.0,4.0,2.0
tofu,10.0,8.0,8.0,3.0,3.0,7.0
toilets,2.0,2.0,3.0,3.0,4.0,4.0
token,8.0,3.0,4.0,2.0,3.0,1.0
tokens,6.0,1.0,1.0,1.0,6.0,3.0
tokyo,9.0,9.0,9.0,9.0,2.0,9.0
tom collins,8.0,6.0,2.0,1.0,6.0,4.0
tombstones,6.0,1.0,1.0,1.0,6.0,1.0
tomorrow,8.0,9.0,9.0,9.0,2.0,7.0
tonight,9.0,8.0,8.0,2.0,1.0,9.0
tony leung's,10.0,10.0,10.0,8.0,1.0,10.0
too,6.0,7.0,6.0,6.0,6.0,6.0
top,2.0,4.0,5.0,6.0,3.0,4.0
torso,2.0,5.0,3.0,2.0,4.0,8.0
torturous,8.0,6.0,9.0,7.0,10.0,2.0
town,3.0,7.0,3.0,4.0,7.0,4.0
trace,4.0,7.0,8.0,6.0,5.0,5.0
trade routes,2.0,2.0,7.0,4.0,4.0,4.0
tradesmen,6.0,1.0,8.0,9.0,6.0,6.0
tragedy,9.0,9.0,9.0,9.0,4.0,5.0
traitors,8.0,8.0,3.0,7.0,3.0,4.0
transcription,7.0,2.0,2.0,4.0,7.0,4.0
transfer,5.0,3.0,9.0,7.0,8.0,5.0
translator,3.0,2.0,3.0,9.0,8.0,2.0
translucent,5.0,9.0,9.0,8.0,2.0,9.0
transmitting,6.0,3.0,8.0,8.0,6.0,7.0
transmuting,8.0,8.0,10.0,8.0,4.0,7.0
traps,8.0,8.0,4.0,4.0,2.0,4.0
trash,2.0,3.0,3.0,3.0,3.0,7.0
trashberries,3.0,4.0,4.0,8.0,8.0,4.0
trashberry,9.0,10.0,7.0,4.0,1.0,7.0
tray,8.0,3.0,4.0,3.0,4.0,8.0
treating,8.0,7.0,7.0,8.0,5.0,5.0
trees,2.0,7.0,4.0,2.0,1.0,7.0
trenchant,6.0,4.0,8.0,8.0,6.0,4.0
trickling,8.0,10.0,10.0,4.0,7.0,2.0
trio,2.0,3.0,4.0,8.0,4.0,6.0
trips,5.0,5.0,8.0,5.0,8.0,5.0
trivia,3.0,3.0,3.0,3.0,2.0,3.0
trivia games,2.0,8.0,6.0,6.0,8.0,6.0
truck,3.0,5.0,5.0,3.0,4.0,4.0
true,3.0,4.0,8.0,3.0,7.0,5.0
trying,2.0,2.0,2.0,2.0,7.0,2.0
tsunami,5.0,8.0,9.0,2.0,5.0,8.0
tucked,10.0,8.0,3.0,3.0,3.0,3.0
tugging,1.0,6.0,8.0,9.0,8.0,4.0
tumor,6.0,3.0,6.0,3.0,10.0,2.0
turpentine,7.0,7.0,7.0,3.0,8.0,8.0
turtles,2.0,3.0,3.0,3.0,3.0,3.0
tv,3.0,2.0,2.0,1.0,8.0,2.0
two,5.0,3.0,1.0,4.0,5.0,5.0
typed-out,5.0,3.0,5.0,4.0,5.0,5.0
ultramarine,4.0,10.0,10.0,9.0,1.0,10.0
umbilical,5.0,4.0,8.0,3.0,4.0,7.0
uncertainty,6.0,4.0,7.0,8.0,9.0,3.0
unclear,8.0,8.0,3.0,10.0,3.0,8.0
undercooked,1.0,4.0,4.0,4.0,4.0,2.0
underfoot,9.0,8.0,8.0,7.0,3.0,3.0
underground,4.0,7.0,7.0,3.0,5.0,8.0
unfamiliar,5.0,4.0,5.0,9.0,9.0,5.0
unforgiving,10.0,2.0,1.0,4.0,9.0,3.0
unionizing,8.0,2.0,7.0,3.0,3.0,7.0
unique,8.0,6.0,7.0,7.0,5.0,6.0
unnecessarily,10.0,8.0,7.0,8.0,9.0,7.0
unobstructed,4.0,3.0,4.0,8.0,4.0,7.0
unsure,2.0,7.0,4.0,10.0,5.0,10.0
untouchable,8.0,7.0,5.0,7.0,7.0,5.0
untouched,9.0,3.0,3.0,3.0,5.0,5.0
upper lip,8.0,8.0,6.0,4.0,4.0,8.0
upstream,2.0,9.0,9.0,9.0,3.0,4.0
urgent,3.0,3.0,9.0,3.0,9.0,2.0
us,4.0,7.0,7.0,7.0,4.0,6.0
useless,5.0,9.0,3.0,8.0,8.0,8.0
utilitarian,9.0,1.0,1.0,8.0,8.0,1.0
uv infiltration,8.0,3.0,8.0,3.0,4.0,6.0
vacation,2.0,2.0,7.0,3.0,9.0,4.0
vague,10.0,9.0,9.0,9.0,4.0,9.0
value,2.0,3.0,7.0,2.0,8.0,6.0
van gogh,7.0,9.0,8.0,3.0,4.0,8.0
vanilla,5.0,5.0,7.0,3.0,1.0,8.0
vanishing,10.0,9.0,10.0,8.0,3.0,9.0
vantage,8.0,3.0,3.0,8.0,8.0,2.0
variance,9.0,3.0,8.0,8.0,5.0,7.0
variation,7.0,4.0,7.0,5.0,5.0,7.0
various,7.0,5.5,6.5,6.0,5.5,5.5
varying,6.0,4.0,7.0,8.0,6.0,5.0
vectors,8.0,2.0,8.0,7.0,5.0,6.0
vegan,7.0,5.0,5.0,4.0,6.0,3.0
vegetables,9.0,3.0,2.0,3.0,3.0,8.0
veins,7.0,8.0,7.0,3.0,5.0,8.0
velocity,9.0,3.0,3.0,8.0,6.0,8.0
vessels,9.0,9.0,7.0,3.0,3.0,10.0
vials,9.0,2.0,9.0,3.0,4.0,7.0
vibe,1.0,10.0,8.0,10.0,5.0,8.0
vibrant,2.0,8.0,8.0,10.0,2.0,8.0
vibration,5.0,8.0,7.0,5.0,3.0,5.0
victoria park,2.0,9.0,2.0,2.0,5.0,3.0
viewer,8.0,4.0,3.0,5.0,4.0,9.0
village,4.0,4.0,10.0,1.0,4.0,5.0
virgin,3.0,9.0,6.0,8.0,5.0,9.0
virtual,8.0,6.0,9.0,7.0,4.0,8.0
visual,9.0,5.0,8.0,5.0,5.0,9.0
void,9.0,9.0,9.0,10.0,3.0,3.0
volta,10.0,10.0,8.0,10.0,5.0,8.0
voyage,3.0,8.0,9.0,6.0,6.0,8.0
waiting period,9.0,2.0,2.0,9.0,9.0,2.0
walks,2.0,3.0,9.0,2.0,4.0,5.0
walls,3.0,2.0,2.0,3.0,6.0,3.0
walnuts,10.0,9.0,1.0,1.0,1.0,5.0
walter benjamin,7.0,6.0,5.0,8.0,6.0,6.0
wandering,10.0,10.0,10.0,8.0,2.0,10.0
wants,3.0,10.0,7.0,10.0,10.0,9.0
war,8.0,8.0,7.0,9.0,10.0,2.0
was,6.0,4.0,10.0,10.0,5.0,8.0
waste,3.0,6.0,10.0,7.0,7.0,6.0
water,2.0,9.0,9.0,3.0,4.0,5.0
waters,4.0,5.0,9.0,3.0,3.0,8.0
wavelengths,5.0,3.0,7.0,4.0,5.0,5.0
waves,2.0,9.0,9.0,3.0,4.0,6.0
way,4.0,5.0,5.0,8.0,7.0,9.0
we,3.0,9.0,8.0,7.0,5.0,5.0
weaker,9.0,5.0,7.0,7.0,7.0,6.0
weakness,9.0,9.0,8.0,9.0,4.0,5.0
wealthy,9.0,2.0,2.0,2.0,2.0,9.0
weather,3.0,8.0,8.0,4.0,6.0,6.0
web,6.0,6.0,6.0,3.0,8.0,7.0
webs,2.0,8.0,8.0,2.0,9.0,2.0
wedding,2.0,9.0,3.0,2.0,8.0,4.0
wedge,4.0,4.0,6.0,4.0,2.0,5.0
week,2.0,2.0,8.0,2.0,2.0,5.0
weekend,3.0,9.0,9.0,4.0,1.0,7.0
welcome,3.0,5.0,5.0,8.0,3.0,7.0
well,5.0,5.0,5.0,5.0,5.0,5.0
well-formed,5.0,5.0,5.0,4.0,4.0,4.0
wet,7.0,8.0,8.0,1.0,4.0,6.0
we’re,3.0,7.0,6.0,3.0,2.0,2.0
whispering,7.0,9.0,7.0,9.0,4.0,9.0
who,1.0,3.0,3.0,9.0,8.0,10.0
whole,3.0,8.0,7.0,6.0,4.0,8.0
whore,5.0,7.0,7.0,6.0,8.0,5.0
why,2.0,4.0,7.0,10.0,9.0,9.0
wide open,3.0,8.0,6.0,8.0,3.0,8.0
wife,9.0,4.0,4.0,4.0,8.0,8.0
wild,7.0,8.0,8.0,8.0,2.0,7.0
williamsburg,7.0,5.0,4.0,4.0,8.0,5.0
window,8.0,8.0,3.0,2.0,6.0,4.0
windstorm,8.0,8.0,10.0,4.0,5.0,7.0
windy,2.0,10.0,10.0,8.0,10.0,9.0
wine,3.0,8.0,3.0,3.0,4.0,5.0
wings,5.0,8.0,9.0,5.0,3.0,8.0
wisdom,9.0,3.0,5.0,8.0,3.0,7.0
wise,9.0,4.0,6.0,9.0,2.0,9.0
wish,5.0,8.0,7.0,9.0,3.0,8.0
wknds),6.0,8.0,4.0,4.0,3.0,7.0
woman,7.0,8.0,10.0,8.0,3.0,8.0
womanhood,8.0,9.0,10.0,7.0,5.0,7.0
words,3.0,2.0,8.0,2.0,1.0,1.0
work,6.0,1.0,8.0,10.0,10.0,2.0
workplace,3.0,3.0,3.0,3.0,8.0,5.0
workshops,5.0,1.0,4.0,4.0,5.0,4.0
worse,5.0,1.0,1.0,9.0,7.0,7.0
worthwhile,5.0,4.0,5.0,4.0,4.0,4.0
wrath,3.0,3.0,9.0,8.0,9.0,3.0
writer-director,8.0,9.0,10.0,5.0,1.0,10.0
writers,8.0,9.0,3.0,3.0,8.0,7.0
writing,9.0,5.0,9.0,3.0,7.0,3.0
writing systems,6.0,2.0,5.0,4.0,2.0,6.0
wrong,4.0,6.0,3.0,3.0,9.0,6.0
yellow,2.0,7.0,2.0,2.0,4.0,10.0
you,6.0,7.0,8.0,8.0,5.0,8.0
young,3.0,8.0,4.0,10.0,4.0,10.0
younger,2.0,7.0,4.0,8.0,8.0,7.0
youngest,3.0,5.0,8.0,3.0,5.0,8.0
yourself,5.0,7.0,4.0,4.0,5.0,7.0
z axis,5.0,1.0,4.0,3.0,5.0,5.0
zaffan,2.0,6.0,6.0,6.0,2.0,7.0
zine materials,3.0,8.0,8.0,3.0,3.0,8.0
zines,8.0,9.0,3.0,2.0,4.0,4.0
zone shots,3.0,3.0,7.0,7.0,10.0,6.0
“sliding doors.”,2.0,2.0,9.0,3.0,9.0,3.0
